Time (ns),spi_master_tb.dut.clk_counter
0,b0
350000,b1
370000,b0
390000,b1
410000,b0
430000,b1
450000,b0
470000,b1
490000,b0
510000,b1
530000,b0
550000,b1
570000,b0
590000,b1
610000,b0
850000,b1
870000,b0
890000,b1
910000,b0
930000,b1
950000,b0
970000,b1
990000,b0
1010000,b1
1030000,b0
1050000,b1
1070000,b0
1090000,b1
1110000,b0
1190000,b1
1210000,b0
1230000,b1
1250000,b0
1270000,b1
1290000,b0
1310000,b1
1330000,b0
1350000,b1
1370000,b0
1390000,b1
1410000,b0
1430000,b1
1450000,b0
1530000,b1
1550000,b0
1570000,b1
1590000,b0
1610000,b1
1630000,b0
1650000,b1
1670000,b0
1690000,b1
1710000,b0
1730000,b1
1750000,b0
1770000,b1
1790000,b0
