Time (ns),spi_master_tb.dut.ss_n,spi_master_tb.dut.sclk,spi_master_tb.rx_data,spi_master_tb.dut.mosi,spi_master_tb.dut.irq,spi_master_tb.dut.busy,spi_master_tb.CLOCK_DIVIDER,spi_master_tb.DATA_WIDTH,spi_master_tb.DEFAULT_DATA_ENABLED,spi_master_tb.DEFAULT_DATA_PATTERN,spi_master_tb.DEFAULT_DATA_VALUE,spi_master_tb.FIFO_DEPTH,spi_master_tb.MODE,spi_master_tb.MSB_FIRST,spi_master_tb.NUM_SLAVES,spi_master_tb.SLAVE_ACTIVE_LOW,spi_master_tb.dut.clk,spi_master_tb.dut.miso,spi_master_tb.dut.rst_n,spi_master_tb.dut.start_rx,spi_master_tb.dut.start_tx,spi_master_tb.tx_data,spi_master_tb.dut.CPHA,spi_master_tb.dut.CPOL,spi_master_tb.dut.SS_ACTIVE,spi_master_tb.dut.tx_data,spi_master_tb.dut.CLOCK_DIVIDER,spi_master_tb.dut.COMPLETE,spi_master_tb.dut.DATA_WIDTH,spi_master_tb.dut.DEFAULT_DATA_ENABLED,spi_master_tb.dut.DEFAULT_DATA_PATTERN,spi_master_tb.dut.DEFAULT_DATA_VALUE,spi_master_tb.dut.FIFO_DEPTH,spi_master_tb.dut.IDLE,spi_master_tb.dut.MODE,spi_master_tb.dut.MSB_FIRST,spi_master_tb.dut.NUM_SLAVES,spi_master_tb.dut.RECEIVE,spi_master_tb.dut.SCLK_HALF_PERIOD,spi_master_tb.dut.SETUP,spi_master_tb.dut.SLAVE_ACTIVE_LOW,spi_master_tb.dut.TRANSMIT,spi_master_tb.dut.bit_counter,spi_master_tb.dut.clk_counter,spi_master_tb.dut.default_data,spi_master_tb.dut.last_sclk,spi_master_tb.dut.next_state,spi_master_tb.dut.rx_data,spi_master_tb.dut.rx_shift_reg,spi_master_tb.dut.sclk_gen,spi_master_tb.dut.state,spi_master_tb.dut.tx_shift_reg
0,1,0,bx,0,0,0,b10,b1000,b0,b10000110111010101110011011101000110111101101101,b1110,b10000,b0,b1,b1,b1,0,0,0,0,0,b0,0,0,0,b0,b10,b100,b1000,b0,b10000110111010101110011011101000110111101101101,b1110,b10000,b0,b0,b1,b1,b11,b10,b1,b1,b10,b0,b0,b1110,0,b0,bx,b0,x,b0,b0
10000,1,0,bx,0,0,0,b10,b1000,b0,b10000110111010101110011011101000110111101101101,b1110,b10000,b0,b1,b1,b1,1,0,0,0,0,b0,0,0,0,b0,b10,b100,b1000,b0,b10000110111010101110011011101000110111101101101,b1110,b10000,b0,b0,b1,b1,b11,b10,b1,b1,b10,b0,b0,b1110,0,b0,bx,b0,x,b0,b0
20000,1,0,bx,0,0,0,b10,b1000,b0,b10000110111010101110011011101000110111101101101,b1110,b10000,b0,b1,b1,b1,0,0,0,0,0,b0,0,0,0,b0,b10,b100,b1000,b0,b10000110111010101110011011101000110111101101101,b1110,b10000,b0,b0,b1,b1,b11,b10,b1,b1,b10,b0,b0,b1110,0,b0,bx,b0,x,b0,b0
30000,1,0,bx,0,0,0,b10,b1000,b0,b10000110111010101110011011101000110111101101101,b1110,b10000,b0,b1,b1,b1,1,0,0,0,0,b0,0,0,0,b0,b10,b100,b1000,b0,b10000110111010101110011011101000110111101101101,b1110,b10000,b0,b0,b1,b1,b11,b10,b1,b1,b10,b0,b0,b1110,0,b0,bx,b0,x,b0,b0
40000,1,0,bx,0,0,0,b10,b1000,b0,b10000110111010101110011011101000110111101101101,b1110,b10000,b0,b1,b1,b1,0,0,0,0,0,b0,0,0,0,b0,b10,b100,b1000,b0,b10000110111010101110011011101000110111101101101,b1110,b10000,b0,b0,b1,b1,b11,b10,b1,b1,b10,b0,b0,b1110,0,b0,bx,b0,x,b0,b0
50000,1,0,bx,0,0,0,b10,b1000,b0,b10000110111010101110011011101000110111101101101,b1110,b10000,b0,b1,b1,b1,1,0,0,0,0,b0,0,0,0,b0,b10,b100,b1000,b0,b10000110111010101110011011101000110111101101101,b1110,b10000,b0,b0,b1,b1,b11,b10,b1,b1,b10,b0,b0,b1110,0,b0,bx,b0,x,b0,b0
60000,1,0,bx,0,0,0,b10,b1000,b0,b10000110111010101110011011101000110111101101101,b1110,b10000,b0,b1,b1,b1,0,0,0,0,0,b0,0,0,0,b0,b10,b100,b1000,b0,b10000110111010101110011011101000110111101101101,b1110,b10000,b0,b0,b1,b1,b11,b10,b1,b1,b10,b0,b0,b1110,0,b0,bx,b0,x,b0,b0
70000,1,0,bx,0,0,0,b10,b1000,b0,b10000110111010101110011011101000110111101101101,b1110,b10000,b0,b1,b1,b1,1,0,0,0,0,b0,0,0,0,b0,b10,b100,b1000,b0,b10000110111010101110011011101000110111101101101,b1110,b10000,b0,b0,b1,b1,b11,b10,b1,b1,b10,b0,b0,b1110,0,b0,bx,b0,x,b0,b0
80000,1,0,bx,0,0,0,b10,b1000,b0,b10000110111010101110011011101000110111101101101,b1110,b10000,b0,b1,b1,b1,0,0,0,0,0,b0,0,0,0,b0,b10,b100,b1000,b0,b10000110111010101110011011101000110111101101101,b1110,b10000,b0,b0,b1,b1,b11,b10,b1,b1,b10,b0,b0,b1110,0,b0,bx,b0,x,b0,b0
90000,1,0,bx,0,0,0,b10,b1000,b0,b10000110111010101110011011101000110111101101101,b1110,b10000,b0,b1,b1,b1,1,0,0,0,0,b0,0,0,0,b0,b10,b100,b1000,b0,b10000110111010101110011011101000110111101101101,b1110,b10000,b0,b0,b1,b1,b11,b10,b1,b1,b10,b0,b0,b1110,0,b0,bx,b0,x,b0,b0
100000,1,0,bx,0,0,0,b10,b1000,b0,b10000110111010101110011011101000110111101101101,b1110,b10000,b0,b1,b1,b1,0,0,1,0,0,b0,0,0,0,b0,b10,b100,b1000,b0,b10000110111010101110011011101000110111101101101,b1110,b10000,b0,b0,b1,b1,b11,b10,b1,b1,b10,b0,b0,b1110,0,b0,bx,b0,x,b0,b0
110000,1,x,bx,0,0,0,b10,b1000,b0,b10000110111010101110011011101000110111101101101,b1110,b10000,b0,b1,b1,b1,1,0,1,0,0,b0,0,0,0,b0,b10,b100,b1000,b0,b10000110111010101110011011101000110111101101101,b1110,b10000,b0,b0,b1,b1,b11,b10,b1,b1,b10,b0,b0,b1110,x,b0,bx,b0,0,b0,b0
120000,1,x,bx,0,0,0,b10,b1000,b0,b10000110111010101110011011101000110111101101101,b1110,b10000,b0,b1,b1,b1,0,0,1,0,0,b0,0,0,0,b0,b10,b100,b1000,b0,b10000110111010101110011011101000110111101101101,b1110,b10000,b0,b0,b1,b1,b11,b10,b1,b1,b10,b0,b0,b1110,x,b0,bx,b0,0,b0,b0
130000,1,0,bx,0,0,0,b10,b1000,b0,b10000110111010101110011011101000110111101101101,b1110,b10000,b0,b1,b1,b1,1,0,1,0,0,b0,0,0,0,b0,b10,b100,b1000,b0,b10000110111010101110011011101000110111101101101,b1110,b10000,b0,b0,b1,b1,b11,b10,b1,b1,b10,b0,b0,b1110,0,b0,bx,b0,0,b0,b0
140000,1,0,bx,0,0,0,b10,b1000,b0,b10000110111010101110011011101000110111101101101,b1110,b10000,b0,b1,b1,b1,0,0,1,0,0,b0,0,0,0,b0,b10,b100,b1000,b0,b10000110111010101110011011101000110111101101101,b1110,b10000,b0,b0,b1,b1,b11,b10,b1,b1,b10,b0,b0,b1110,0,b0,bx,b0,0,b0,b0
150000,1,0,bx,0,0,0,b10,b1000,b0,b10000110111010101110011011101000110111101101101,b1110,b10000,b0,b1,b1,b1,1,0,1,0,0,b0,0,0,0,b0,b10,b100,b1000,b0,b10000110111010101110011011101000110111101101101,b1110,b10000,b0,b0,b1,b1,b11,b10,b1,b1,b10,b0,b0,b1110,0,b0,bx,b0,0,b0,b0
160000,1,0,bx,0,0,0,b10,b1000,b0,b10000110111010101110011011101000110111101101101,b1110,b10000,b0,b1,b1,b1,0,0,1,0,0,b0,0,0,0,b0,b10,b100,b1000,b0,b10000110111010101110011011101000110111101101101,b1110,b10000,b0,b0,b1,b1,b11,b10,b1,b1,b10,b0,b0,b1110,0,b0,bx,b0,0,b0,b0
170000,1,0,bx,0,0,0,b10,b1000,b0,b10000110111010101110011011101000110111101101101,b1110,b10000,b0,b1,b1,b1,1,0,1,0,0,b0,0,0,0,b0,b10,b100,b1000,b0,b10000110111010101110011011101000110111101101101,b1110,b10000,b0,b0,b1,b1,b11,b10,b1,b1,b10,b0,b0,b1110,0,b0,bx,b0,0,b0,b0
180000,1,0,bx,0,0,0,b10,b1000,b0,b10000110111010101110011011101000110111101101101,b1110,b10000,b0,b1,b1,b1,0,0,1,0,0,b0,0,0,0,b0,b10,b100,b1000,b0,b10000110111010101110011011101000110111101101101,b1110,b10000,b0,b0,b1,b1,b11,b10,b1,b1,b10,b0,b0,b1110,0,b0,bx,b0,0,b0,b0
190000,1,0,bx,0,0,0,b10,b1000,b0,b10000110111010101110011011101000110111101101101,b1110,b10000,b0,b1,b1,b1,1,0,1,0,0,b0,0,0,0,b0,b10,b100,b1000,b0,b10000110111010101110011011101000110111101101101,b1110,b10000,b0,b0,b1,b1,b11,b10,b1,b1,b10,b0,b0,b1110,0,b0,bx,b0,0,b0,b0
200000,1,0,bx,0,0,0,b10,b1000,b0,b10000110111010101110011011101000110111101101101,b1110,b10000,b0,b1,b1,b1,0,0,1,0,0,b0,0,0,0,b0,b10,b100,b1000,b0,b10000110111010101110011011101000110111101101101,b1110,b10000,b0,b0,b1,b1,b11,b10,b1,b1,b10,b0,b0,b1110,0,b0,bx,b0,0,b0,b0
210000,1,0,bx,0,0,0,b10,b1000,b0,b10000110111010101110011011101000110111101101101,b1110,b10000,b0,b1,b1,b1,1,0,1,0,0,b0,0,0,0,b0,b10,b100,b1000,b0,b10000110111010101110011011101000110111101101101,b1110,b10000,b0,b0,b1,b1,b11,b10,b1,b1,b10,b0,b0,b1110,0,b0,bx,b0,0,b0,b0
220000,1,0,bx,0,0,0,b10,b1000,b0,b10000110111010101110011011101000110111101101101,b1110,b10000,b0,b1,b1,b1,0,0,1,0,0,b0,0,0,0,b0,b10,b100,b1000,b0,b10000110111010101110011011101000110111101101101,b1110,b10000,b0,b0,b1,b1,b11,b10,b1,b1,b10,b0,b0,b1110,0,b0,bx,b0,0,b0,b0
230000,1,0,bx,0,0,0,b10,b1000,b0,b10000110111010101110011011101000110111101101101,b1110,b10000,b0,b1,b1,b1,1,0,1,0,0,b0,0,0,0,b0,b10,b100,b1000,b0,b10000110111010101110011011101000110111101101101,b1110,b10000,b0,b0,b1,b1,b11,b10,b1,b1,b10,b0,b0,b1110,0,b0,bx,b0,0,b0,b0
240000,1,0,bx,0,0,0,b10,b1000,b0,b10000110111010101110011011101000110111101101101,b1110,b10000,b0,b1,b1,b1,0,0,1,0,0,b0,0,0,0,b0,b10,b100,b1000,b0,b10000110111010101110011011101000110111101101101,b1110,b10000,b0,b0,b1,b1,b11,b10,b1,b1,b10,b0,b0,b1110,0,b0,bx,b0,0,b0,b0
250000,1,0,bx,0,0,0,b10,b1000,b0,b10000110111010101110011011101000110111101101101,b1110,b10000,b0,b1,b1,b1,1,0,1,0,0,b0,0,0,0,b0,b10,b100,b1000,b0,b10000110111010101110011011101000110111101101101,b1110,b10000,b0,b0,b1,b1,b11,b10,b1,b1,b10,b0,b0,b1110,0,b0,bx,b0,0,b0,b0
260000,1,0,bx,0,0,0,b10,b1000,b0,b10000110111010101110011011101000110111101101101,b1110,b10000,b0,b1,b1,b1,0,0,1,0,0,b0,0,0,0,b0,b10,b100,b1000,b0,b10000110111010101110011011101000110111101101101,b1110,b10000,b0,b0,b1,b1,b11,b10,b1,b1,b10,b0,b0,b1110,0,b0,bx,b0,0,b0,b0
270000,1,0,bx,0,0,0,b10,b1000,b0,b10000110111010101110011011101000110111101101101,b1110,b10000,b0,b1,b1,b1,1,0,1,0,0,b0,0,0,0,b0,b10,b100,b1000,b0,b10000110111010101110011011101000110111101101101,b1110,b10000,b0,b0,b1,b1,b11,b10,b1,b1,b10,b0,b0,b1110,0,b0,bx,b0,0,b0,b0
280000,1,0,bx,0,0,0,b10,b1000,b0,b10000110111010101110011011101000110111101101101,b1110,b10000,b0,b1,b1,b1,0,0,1,0,0,b0,0,0,0,b0,b10,b100,b1000,b0,b10000110111010101110011011101000110111101101101,b1110,b10000,b0,b0,b1,b1,b11,b10,b1,b1,b10,b0,b0,b1110,0,b0,bx,b0,0,b0,b0
290000,1,0,bx,0,0,0,b10,b1000,b0,b10000110111010101110011011101000110111101101101,b1110,b10000,b0,b1,b1,b1,1,0,1,0,0,b0,0,0,0,b0,b10,b100,b1000,b0,b10000110111010101110011011101000110111101101101,b1110,b10000,b0,b0,b1,b1,b11,b10,b1,b1,b10,b0,b0,b1110,0,b0,bx,b0,0,b0,b0
300000,1,0,bx,0,0,0,b10,b1000,b0,b10000110111010101110011011101000110111101101101,b1110,b10000,b0,b1,b1,b1,0,0,1,0,1,b10100101,0,0,0,b10100101,b10,b100,b1000,b0,b10000110111010101110011011101000110111101101101,b1110,b10000,b0,b0,b1,b1,b11,b10,b1,b1,b10,b0,b0,b1110,0,b1,bx,b0,0,b0,b0
310000,0,0,bx,0,0,1,b10,b1000,b0,b10000110111010101110011011101000110111101101101,b1110,b10000,b0,b1,b1,b1,1,0,1,0,1,b10100101,0,0,0,b10100101,b10,b100,b1000,b0,b10000110111010101110011011101000110111101101101,b1110,b10000,b0,b0,b1,b1,b11,b10,b1,b1,b10,b0,b0,b1110,0,b10,bx,b0,0,b1,b0
320000,0,0,bx,0,0,1,b10,b1000,b0,b10000110111010101110011011101000110111101101101,b1110,b10000,b0,b1,b1,b1,0,0,1,0,1,b10100101,0,0,0,b10100101,b10,b100,b1000,b0,b10000110111010101110011011101000110111101101101,b1110,b10000,b0,b0,b1,b1,b11,b10,b1,b1,b10,b0,b0,b1110,0,b10,bx,b0,0,b1,b0
330000,0,0,bx,0,0,1,b10,b1000,b0,b10000110111010101110011011101000110111101101101,b1110,b10000,b0,b1,b1,b1,1,0,1,0,1,b10100101,0,0,0,b10100101,b10,b100,b1000,b0,b10000110111010101110011011101000110111101101101,b1110,b10000,b0,b0,b1,b1,b11,b10,b1,b1,b10,b0,b0,b1110,0,b10,bx,b0,0,b10,b10100101
340000,0,0,bx,0,0,1,b10,b1000,b0,b10000110111010101110011011101000110111101101101,b1110,b10000,b0,b1,b1,b1,0,0,1,0,1,b10100101,0,0,0,b10100101,b10,b100,b1000,b0,b10000110111010101110011011101000110111101101101,b1110,b10000,b0,b0,b1,b1,b11,b10,b1,b1,b10,b0,b0,b1110,0,b10,bx,b0,0,b10,b10100101
350000,0,0,bx,0,0,1,b10,b1000,b0,b10000110111010101110011011101000110111101101101,b1110,b10000,b0,b1,b1,b1,1,0,1,0,0,b10100101,0,0,0,b10100101,b10,b100,b1000,b0,b10000110111010101110011011101000110111101101101,b1110,b10000,b0,b0,b1,b1,b11,b10,b1,b1,b10,b0,b1,b1110,0,b10,bx,b0,0,b10,b10100101
360000,0,0,bx,0,0,1,b10,b1000,b0,b10000110111010101110011011101000110111101101101,b1110,b10000,b0,b1,b1,b1,0,0,1,0,0,b10100101,0,0,0,b10100101,b10,b100,b1000,b0,b10000110111010101110011011101000110111101101101,b1110,b10000,b0,b0,b1,b1,b11,b10,b1,b1,b10,b0,b1,b1110,0,b10,bx,b0,0,b10,b10100101
370000,0,0,bx,0,0,1,b10,b1000,b0,b10000110111010101110011011101000110111101101101,b1110,b10000,b0,b1,b1,b1,1,0,1,0,0,b10100101,0,0,0,b10100101,b10,b100,b1000,b0,b10000110111010101110011011101000110111101101101,b1110,b10000,b0,b0,b1,b1,b11,b10,b1,b1,b10,b0,b0,b1110,0,b10,bx,b0,1,b10,b10100101
380000,0,0,bx,0,0,1,b10,b1000,b0,b10000110111010101110011011101000110111101101101,b1110,b10000,b0,b1,b1,b1,0,0,1,0,0,b10100101,0,0,0,b10100101,b10,b100,b1000,b0,b10000110111010101110011011101000110111101101101,b1110,b10000,b0,b0,b1,b1,b11,b10,b1,b1,b10,b0,b0,b1110,0,b10,bx,b0,1,b10,b10100101
390000,0,1,bx,1,0,1,b10,b1000,b0,b10000110111010101110011011101000110111101101101,b1110,b10000,b0,b1,b1,b1,1,0,1,0,0,b10100101,0,0,0,b10100101,b10,b100,b1000,b0,b10000110111010101110011011101000110111101101101,b1110,b10000,b0,b0,b1,b1,b11,b10,b1,b1,b10,b1,b1,b1110,1,b10,bx,b0,1,b10,b1001010
400000,0,1,bx,1,0,1,b10,b1000,b0,b10000110111010101110011011101000110111101101101,b1110,b10000,b0,b1,b1,b1,0,0,1,0,0,b10100101,0,0,0,b10100101,b10,b100,b1000,b0,b10000110111010101110011011101000110111101101101,b1110,b10000,b0,b0,b1,b1,b11,b10,b1,b1,b10,b1,b1,b1110,1,b10,bx,b0,1,b10,b1001010
410000,0,1,bx,1,0,1,b10,b1000,b0,b10000110111010101110011011101000110111101101101,b1110,b10000,b0,b1,b1,b1,1,0,1,0,0,b10100101,0,0,0,b10100101,b10,b100,b1000,b0,b10000110111010101110011011101000110111101101101,b1110,b10000,b0,b0,b1,b1,b11,b10,b1,b1,b10,b1,b0,b1110,1,b10,bx,b0,0,b10,b1001010
420000,0,1,bx,1,0,1,b10,b1000,b0,b10000110111010101110011011101000110111101101101,b1110,b10000,b0,b1,b1,b1,0,0,1,0,0,b10100101,0,0,0,b10100101,b10,b100,b1000,b0,b10000110111010101110011011101000110111101101101,b1110,b10000,b0,b0,b1,b1,b11,b10,b1,b1,b10,b1,b0,b1110,1,b10,bx,b0,0,b10,b1001010
430000,0,0,bx,1,0,1,b10,b1000,b0,b10000110111010101110011011101000110111101101101,b1110,b10000,b0,b1,b1,b1,1,0,1,0,0,b10100101,0,0,0,b10100101,b10,b100,b1000,b0,b10000110111010101110011011101000110111101101101,b1110,b10000,b0,b0,b1,b1,b11,b10,b1,b1,b10,b1,b1,b1110,0,b10,bx,b0,0,b10,b1001010
440000,0,0,bx,1,0,1,b10,b1000,b0,b10000110111010101110011011101000110111101101101,b1110,b10000,b0,b1,b1,b1,0,0,1,0,0,b10100101,0,0,0,b10100101,b10,b100,b1000,b0,b10000110111010101110011011101000110111101101101,b1110,b10000,b0,b0,b1,b1,b11,b10,b1,b1,b10,b1,b1,b1110,0,b10,bx,b0,0,b10,b1001010
450000,0,0,bx,1,0,1,b10,b1000,b0,b10000110111010101110011011101000110111101101101,b1110,b10000,b0,b1,b1,b1,1,0,1,0,0,b10100101,0,0,0,b10100101,b10,b100,b1000,b0,b10000110111010101110011011101000110111101101101,b1110,b10000,b0,b0,b1,b1,b11,b10,b1,b1,b10,b1,b0,b1110,0,b10,bx,b0,1,b10,b1001010
460000,0,0,bx,1,0,1,b10,b1000,b0,b10000110111010101110011011101000110111101101101,b1110,b10000,b0,b1,b1,b1,0,0,1,0,0,b10100101,0,0,0,b10100101,b10,b100,b1000,b0,b10000110111010101110011011101000110111101101101,b1110,b10000,b0,b0,b1,b1,b11,b10,b1,b1,b10,b1,b0,b1110,0,b10,bx,b0,1,b10,b1001010
470000,0,1,bx,0,0,1,b10,b1000,b0,b10000110111010101110011011101000110111101101101,b1110,b10000,b0,b1,b1,b1,1,0,1,0,0,b10100101,0,0,0,b10100101,b10,b100,b1000,b0,b10000110111010101110011011101000110111101101101,b1110,b10000,b0,b0,b1,b1,b11,b10,b1,b1,b10,b10,b1,b1110,1,b10,bx,b0,1,b10,b10010100
480000,0,1,bx,0,0,1,b10,b1000,b0,b10000110111010101110011011101000110111101101101,b1110,b10000,b0,b1,b1,b1,0,0,1,0,0,b10100101,0,0,0,b10100101,b10,b100,b1000,b0,b10000110111010101110011011101000110111101101101,b1110,b10000,b0,b0,b1,b1,b11,b10,b1,b1,b10,b10,b1,b1110,1,b10,bx,b0,1,b10,b10010100
490000,0,1,bx,0,0,1,b10,b1000,b0,b10000110111010101110011011101000110111101101101,b1110,b10000,b0,b1,b1,b1,1,0,1,0,0,b10100101,0,0,0,b10100101,b10,b100,b1000,b0,b10000110111010101110011011101000110111101101101,b1110,b10000,b0,b0,b1,b1,b11,b10,b1,b1,b10,b10,b0,b1110,1,b10,bx,b0,0,b10,b10010100
500000,0,1,bx,0,0,1,b10,b1000,b0,b10000110111010101110011011101000110111101101101,b1110,b10000,b0,b1,b1,b1,0,0,1,0,0,b10100101,0,0,0,b10100101,b10,b100,b1000,b0,b10000110111010101110011011101000110111101101101,b1110,b10000,b0,b0,b1,b1,b11,b10,b1,b1,b10,b10,b0,b1110,1,b10,bx,b0,0,b10,b10010100
510000,0,0,bx,0,0,1,b10,b1000,b0,b10000110111010101110011011101000110111101101101,b1110,b10000,b0,b1,b1,b1,1,0,1,0,0,b10100101,0,0,0,b10100101,b10,b100,b1000,b0,b10000110111010101110011011101000110111101101101,b1110,b10000,b0,b0,b1,b1,b11,b10,b1,b1,b10,b10,b1,b1110,0,b10,bx,b0,0,b10,b10010100
520000,0,0,bx,0,0,1,b10,b1000,b0,b10000110111010101110011011101000110111101101101,b1110,b10000,b0,b1,b1,b1,0,0,1,0,0,b10100101,0,0,0,b10100101,b10,b100,b1000,b0,b10000110111010101110011011101000110111101101101,b1110,b10000,b0,b0,b1,b1,b11,b10,b1,b1,b10,b10,b1,b1110,0,b10,bx,b0,0,b10,b10010100
530000,0,0,bx,0,0,1,b10,b1000,b0,b10000110111010101110011011101000110111101101101,b1110,b10000,b0,b1,b1,b1,1,0,1,0,0,b10100101,0,0,0,b10100101,b10,b100,b1000,b0,b10000110111010101110011011101000110111101101101,b1110,b10000,b0,b0,b1,b1,b11,b10,b1,b1,b10,b10,b0,b1110,0,b10,bx,b0,1,b10,b10010100
540000,0,0,bx,0,0,1,b10,b1000,b0,b10000110111010101110011011101000110111101101101,b1110,b10000,b0,b1,b1,b1,0,0,1,0,0,b10100101,0,0,0,b10100101,b10,b100,b1000,b0,b10000110111010101110011011101000110111101101101,b1110,b10000,b0,b0,b1,b1,b11,b10,b1,b1,b10,b10,b0,b1110,0,b10,bx,b0,1,b10,b10010100
550000,0,1,bx,1,0,1,b10,b1000,b0,b10000110111010101110011011101000110111101101101,b1110,b10000,b0,b1,b1,b1,1,0,1,0,0,b10100101,0,0,0,b10100101,b10,b100,b1000,b0,b10000110111010101110011011101000110111101101101,b1110,b10000,b0,b0,b1,b1,b11,b10,b1,b1,b10,b11,b1,b1110,1,b10,bx,b0,1,b10,b101000
560000,0,1,bx,1,0,1,b10,b1000,b0,b10000110111010101110011011101000110111101101101,b1110,b10000,b0,b1,b1,b1,0,0,1,0,0,b10100101,0,0,0,b10100101,b10,b100,b1000,b0,b10000110111010101110011011101000110111101101101,b1110,b10000,b0,b0,b1,b1,b11,b10,b1,b1,b10,b11,b1,b1110,1,b10,bx,b0,1,b10,b101000
570000,0,1,bx,1,0,1,b10,b1000,b0,b10000110111010101110011011101000110111101101101,b1110,b10000,b0,b1,b1,b1,1,0,1,0,0,b10100101,0,0,0,b10100101,b10,b100,b1000,b0,b10000110111010101110011011101000110111101101101,b1110,b10000,b0,b0,b1,b1,b11,b10,b1,b1,b10,b11,b0,b1110,1,b10,bx,b0,0,b10,b101000
580000,0,1,bx,1,0,1,b10,b1000,b0,b10000110111010101110011011101000110111101101101,b1110,b10000,b0,b1,b1,b1,0,0,1,0,0,b10100101,0,0,0,b10100101,b10,b100,b1000,b0,b10000110111010101110011011101000110111101101101,b1110,b10000,b0,b0,b1,b1,b11,b10,b1,b1,b10,b11,b0,b1110,1,b10,bx,b0,0,b10,b101000
590000,0,0,bx,1,0,1,b10,b1000,b0,b10000110111010101110011011101000110111101101101,b1110,b10000,b0,b1,b1,b1,1,0,1,0,0,b10100101,0,0,0,b10100101,b10,b100,b1000,b0,b10000110111010101110011011101000110111101101101,b1110,b10000,b0,b0,b1,b1,b11,b10,b1,b1,b10,b11,b1,b1110,0,b10,bx,b0,0,b10,b101000
600000,0,0,bx,1,0,1,b10,b1000,b0,b10000110111010101110011011101000110111101101101,b1110,b10000,b0,b1,b1,b1,0,0,1,0,0,b10100101,0,0,0,b10100101,b10,b100,b1000,b0,b10000110111010101110011011101000110111101101101,b1110,b10000,b0,b0,b1,b1,b11,b10,b1,b1,b10,b11,b1,b1110,0,b10,bx,b0,0,b10,b101000
610000,0,0,bx,1,0,1,b10,b1000,b0,b10000110111010101110011011101000110111101101101,b1110,b10000,b0,b1,b1,b1,1,0,1,0,0,b10100101,0,0,0,b10100101,b10,b100,b1000,b0,b10000110111010101110011011101000110111101101101,b1110,b10000,b0,b0,b1,b1,b11,b10,b1,b1,b10,b11,b0,b1110,0,b10,bx,b0,1,b10,b101000
620000,0,0,bx,1,0,1,b10,b1000,b0,b10000110111010101110011011101000110111101101101,b1110,b10000,b0,b1,b1,b1,0,0,1,0,0,b10100101,0,0,0,b10100101,b10,b100,b1000,b0,b10000110111010101110011011101000110111101101101,b1110,b10000,b0,b0,b1,b1,b11,b10,b1,b1,b10,b11,b0,b1110,0,b10,bx,b0,1,b10,b101000
630000,0,1,bx,0,0,1,b10,b1000,b0,b10000110111010101110011011101000110111101101101,b1110,b10000,b0,b1,b1,b1,1,0,1,0,0,b10100101,0,0,0,b10100101,b10,b100,b1000,b0,b10000110111010101110011011101000110111101101101,b1110,b10000,b0,b0,b1,b1,b11,b10,b1,b1,b10,b100,b1,b1110,1,b10,bx,b0,1,b10,b1010000
640000,0,1,bx,0,0,1,b10,b1000,b0,b10000110111010101110011011101000110111101101101,b1110,b10000,b0,b1,b1,b1,0,0,1,0,0,b10100101,0,0,0,b10100101,b10,b100,b1000,b0,b10000110111010101110011011101000110111101101101,b1110,b10000,b0,b0,b1,b1,b11,b10,b1,b1,b10,b100,b1,b1110,1,b10,bx,b0,1,b10,b1010000
650000,0,1,bx,0,0,1,b10,b1000,b0,b10000110111010101110011011101000110111101101101,b1110,b10000,b0,b1,b1,b1,1,0,1,0,0,b10100101,0,0,0,b10100101,b10,b100,b1000,b0,b10000110111010101110011011101000110111101101101,b1110,b10000,b0,b0,b1,b1,b11,b10,b1,b1,b10,b100,b0,b1110,1,b10,bx,b0,0,b10,b1010000
660000,0,1,bx,0,0,1,b10,b1000,b0,b10000110111010101110011011101000110111101101101,b1110,b10000,b0,b1,b1,b1,0,0,1,0,0,b10100101,0,0,0,b10100101,b10,b100,b1000,b0,b10000110111010101110011011101000110111101101101,b1110,b10000,b0,b0,b1,b1,b11,b10,b1,b1,b10,b100,b0,b1110,1,b10,bx,b0,0,b10,b1010000
670000,0,0,bx,0,0,1,b10,b1000,b0,b10000110111010101110011011101000110111101101101,b1110,b10000,b0,b1,b1,b1,1,0,1,0,0,b10100101,0,0,0,b10100101,b10,b100,b1000,b0,b10000110111010101110011011101000110111101101101,b1110,b10000,b0,b0,b1,b1,b11,b10,b1,b1,b10,b100,b1,b1110,0,b10,bx,b0,0,b10,b1010000
680000,0,0,bx,0,0,1,b10,b1000,b0,b10000110111010101110011011101000110111101101101,b1110,b10000,b0,b1,b1,b1,0,0,1,0,0,b10100101,0,0,0,b10100101,b10,b100,b1000,b0,b10000110111010101110011011101000110111101101101,b1110,b10000,b0,b0,b1,b1,b11,b10,b1,b1,b10,b100,b1,b1110,0,b10,bx,b0,0,b10,b1010000
690000,0,0,bx,0,0,1,b10,b1000,b0,b10000110111010101110011011101000110111101101101,b1110,b10000,b0,b1,b1,b1,1,0,1,0,0,b10100101,0,0,0,b10100101,b10,b100,b1000,b0,b10000110111010101110011011101000110111101101101,b1110,b10000,b0,b0,b1,b1,b11,b10,b1,b1,b10,b100,b0,b1110,0,b10,bx,b0,1,b10,b1010000
700000,0,0,bx,0,0,1,b10,b1000,b0,b10000110111010101110011011101000110111101101101,b1110,b10000,b0,b1,b1,b1,0,0,1,0,0,b10100101,0,0,0,b10100101,b10,b100,b1000,b0,b10000110111010101110011011101000110111101101101,b1110,b10000,b0,b0,b1,b1,b11,b10,b1,b1,b10,b100,b0,b1110,0,b10,bx,b0,1,b10,b1010000
710000,0,1,bx,0,0,1,b10,b1000,b0,b10000110111010101110011011101000110111101101101,b1110,b10000,b0,b1,b1,b1,1,0,1,0,0,b10100101,0,0,0,b10100101,b10,b100,b1000,b0,b10000110111010101110011011101000110111101101101,b1110,b10000,b0,b0,b1,b1,b11,b10,b1,b1,b10,b101,b1,b1110,1,b10,bx,b0,1,b10,b10100000
720000,0,1,bx,0,0,1,b10,b1000,b0,b10000110111010101110011011101000110111101101101,b1110,b10000,b0,b1,b1,b1,0,0,1,0,0,b10100101,0,0,0,b10100101,b10,b100,b1000,b0,b10000110111010101110011011101000110111101101101,b1110,b10000,b0,b0,b1,b1,b11,b10,b1,b1,b10,b101,b1,b1110,1,b10,bx,b0,1,b10,b10100000
730000,0,1,bx,0,0,1,b10,b1000,b0,b10000110111010101110011011101000110111101101101,b1110,b10000,b0,b1,b1,b1,1,0,1,0,0,b10100101,0,0,0,b10100101,b10,b100,b1000,b0,b10000110111010101110011011101000110111101101101,b1110,b10000,b0,b0,b1,b1,b11,b10,b1,b1,b10,b101,b0,b1110,1,b10,bx,b0,0,b10,b10100000
740000,0,1,bx,0,0,1,b10,b1000,b0,b10000110111010101110011011101000110111101101101,b1110,b10000,b0,b1,b1,b1,0,0,1,0,0,b10100101,0,0,0,b10100101,b10,b100,b1000,b0,b10000110111010101110011011101000110111101101101,b1110,b10000,b0,b0,b1,b1,b11,b10,b1,b1,b10,b101,b0,b1110,1,b10,bx,b0,0,b10,b10100000
750000,0,0,bx,0,0,1,b10,b1000,b0,b10000110111010101110011011101000110111101101101,b1110,b10000,b0,b1,b1,b1,1,0,1,0,0,b10100101,0,0,0,b10100101,b10,b100,b1000,b0,b10000110111010101110011011101000110111101101101,b1110,b10000,b0,b0,b1,b1,b11,b10,b1,b1,b10,b101,b1,b1110,0,b10,bx,b0,0,b10,b10100000
760000,0,0,bx,0,0,1,b10,b1000,b0,b10000110111010101110011011101000110111101101101,b1110,b10000,b0,b1,b1,b1,0,0,1,0,0,b10100101,0,0,0,b10100101,b10,b100,b1000,b0,b10000110111010101110011011101000110111101101101,b1110,b10000,b0,b0,b1,b1,b11,b10,b1,b1,b10,b101,b1,b1110,0,b10,bx,b0,0,b10,b10100000
770000,0,0,bx,0,0,1,b10,b1000,b0,b10000110111010101110011011101000110111101101101,b1110,b10000,b0,b1,b1,b1,1,0,1,0,0,b10100101,0,0,0,b10100101,b10,b100,b1000,b0,b10000110111010101110011011101000110111101101101,b1110,b10000,b0,b0,b1,b1,b11,b10,b1,b1,b10,b101,b0,b1110,0,b10,bx,b0,1,b10,b10100000
780000,0,0,bx,0,0,1,b10,b1000,b0,b10000110111010101110011011101000110111101101101,b1110,b10000,b0,b1,b1,b1,0,0,1,0,0,b10100101,0,0,0,b10100101,b10,b100,b1000,b0,b10000110111010101110011011101000110111101101101,b1110,b10000,b0,b0,b1,b1,b11,b10,b1,b1,b10,b101,b0,b1110,0,b10,bx,b0,1,b10,b10100000
790000,0,1,bx,1,0,1,b10,b1000,b0,b10000110111010101110011011101000110111101101101,b1110,b10000,b0,b1,b1,b1,1,0,1,0,0,b10100101,0,0,0,b10100101,b10,b100,b1000,b0,b10000110111010101110011011101000110111101101101,b1110,b10000,b0,b0,b1,b1,b11,b10,b1,b1,b10,b110,b1,b1110,1,b10,bx,b0,1,b10,b1000000
800000,0,1,bx,1,0,1,b10,b1000,b0,b10000110111010101110011011101000110111101101101,b1110,b10000,b0,b1,b1,b1,0,0,1,0,0,b10100101,0,0,0,b10100101,b10,b100,b1000,b0,b10000110111010101110011011101000110111101101101,b1110,b10000,b0,b0,b1,b1,b11,b10,b1,b1,b10,b110,b1,b1110,1,b10,bx,b0,1,b10,b1000000
810000,0,1,bx,1,0,1,b10,b1000,b0,b10000110111010101110011011101000110111101101101,b1110,b10000,b0,b1,b1,b1,1,0,1,0,0,b10100101,0,0,0,b10100101,b10,b100,b1000,b0,b10000110111010101110011011101000110111101101101,b1110,b10000,b0,b0,b1,b1,b11,b10,b1,b1,b10,b110,b0,b1110,1,b10,bx,b0,0,b10,b1000000
820000,0,1,bx,1,0,1,b10,b1000,b0,b10000110111010101110011011101000110111101101101,b1110,b10000,b0,b1,b1,b1,0,0,1,0,0,b10100101,0,0,0,b10100101,b10,b100,b1000,b0,b10000110111010101110011011101000110111101101101,b1110,b10000,b0,b0,b1,b1,b11,b10,b1,b1,b10,b110,b0,b1110,1,b10,bx,b0,0,b10,b1000000
830000,0,0,bx,1,0,1,b10,b1000,b0,b10000110111010101110011011101000110111101101101,b1110,b10000,b0,b1,b1,b1,1,0,1,0,0,b10100101,0,0,0,b10100101,b10,b100,b1000,b0,b10000110111010101110011011101000110111101101101,b1110,b10000,b0,b0,b1,b1,b11,b10,b1,b1,b10,b110,b1,b1110,0,b10,bx,b0,0,b10,b1000000
840000,0,0,bx,1,0,1,b10,b1000,b0,b10000110111010101110011011101000110111101101101,b1110,b10000,b0,b1,b1,b1,0,0,1,0,0,b10100101,0,0,0,b10100101,b10,b100,b1000,b0,b10000110111010101110011011101000110111101101101,b1110,b10000,b0,b0,b1,b1,b11,b10,b1,b1,b10,b110,b1,b1110,0,b10,bx,b0,0,b10,b1000000
850000,0,0,bx,1,0,1,b10,b1000,b0,b10000110111010101110011011101000110111101101101,b1110,b10000,b0,b1,b1,b1,1,0,1,0,0,b10100101,0,0,0,b10100101,b10,b100,b1000,b0,b10000110111010101110011011101000110111101101101,b1110,b10000,b0,b0,b1,b1,b11,b10,b1,b1,b10,b110,b0,b1110,0,b10,bx,b0,1,b10,b1000000
860000,0,0,bx,1,0,1,b10,b1000,b0,b10000110111010101110011011101000110111101101101,b1110,b10000,b0,b1,b1,b1,0,0,1,0,0,b10100101,0,0,0,b10100101,b10,b100,b1000,b0,b10000110111010101110011011101000110111101101101,b1110,b10000,b0,b0,b1,b1,b11,b10,b1,b1,b10,b110,b0,b1110,0,b10,bx,b0,1,b10,b1000000
870000,0,1,bx,0,0,1,b10,b1000,b0,b10000110111010101110011011101000110111101101101,b1110,b10000,b0,b1,b1,b1,1,0,1,0,0,b10100101,0,0,0,b10100101,b10,b100,b1000,b0,b10000110111010101110011011101000110111101101101,b1110,b10000,b0,b0,b1,b1,b11,b10,b1,b1,b10,b111,b1,b1110,1,b10,bx,b0,1,b10,b10000000
880000,0,1,bx,0,0,1,b10,b1000,b0,b10000110111010101110011011101000110111101101101,b1110,b10000,b0,b1,b1,b1,0,0,1,0,0,b10100101,0,0,0,b10100101,b10,b100,b1000,b0,b10000110111010101110011011101000110111101101101,b1110,b10000,b0,b0,b1,b1,b11,b10,b1,b1,b10,b111,b1,b1110,1,b10,bx,b0,1,b10,b10000000
890000,0,1,bx,0,0,1,b10,b1000,b0,b10000110111010101110011011101000110111101101101,b1110,b10000,b0,b1,b1,b1,1,0,1,0,0,b10100101,0,0,0,b10100101,b10,b100,b1000,b0,b10000110111010101110011011101000110111101101101,b1110,b10000,b0,b0,b1,b1,b11,b10,b1,b1,b10,b111,b0,b1110,1,b10,bx,b0,0,b10,b10000000
900000,0,1,bx,0,0,1,b10,b1000,b0,b10000110111010101110011011101000110111101101101,b1110,b10000,b0,b1,b1,b1,0,0,1,0,0,b10100101,0,0,0,b10100101,b10,b100,b1000,b0,b10000110111010101110011011101000110111101101101,b1110,b10000,b0,b0,b1,b1,b11,b10,b1,b1,b10,b111,b0,b1110,1,b10,bx,b0,0,b10,b10000000
910000,0,0,bx,0,0,1,b10,b1000,b0,b10000110111010101110011011101000110111101101101,b1110,b10000,b0,b1,b1,b1,1,0,1,0,0,b10100101,0,0,0,b10100101,b10,b100,b1000,b0,b10000110111010101110011011101000110111101101101,b1110,b10000,b0,b0,b1,b1,b11,b10,b1,b1,b10,b111,b1,b1110,0,b10,bx,b0,0,b10,b10000000
920000,0,0,bx,0,0,1,b10,b1000,b0,b10000110111010101110011011101000110111101101101,b1110,b10000,b0,b1,b1,b1,0,0,1,0,0,b10100101,0,0,0,b10100101,b10,b100,b1000,b0,b10000110111010101110011011101000110111101101101,b1110,b10000,b0,b0,b1,b1,b11,b10,b1,b1,b10,b111,b1,b1110,0,b10,bx,b0,0,b10,b10000000
930000,0,0,bx,0,0,1,b10,b1000,b0,b10000110111010101110011011101000110111101101101,b1110,b10000,b0,b1,b1,b1,1,0,1,0,0,b10100101,0,0,0,b10100101,b10,b100,b1000,b0,b10000110111010101110011011101000110111101101101,b1110,b10000,b0,b0,b1,b1,b11,b10,b1,b1,b10,b111,b0,b1110,0,b10,bx,b0,1,b10,b10000000
940000,0,0,bx,0,0,1,b10,b1000,b0,b10000110111010101110011011101000110111101101101,b1110,b10000,b0,b1,b1,b1,0,0,1,0,0,b10100101,0,0,0,b10100101,b10,b100,b1000,b0,b10000110111010101110011011101000110111101101101,b1110,b10000,b0,b0,b1,b1,b11,b10,b1,b1,b10,b111,b0,b1110,0,b10,bx,b0,1,b10,b10000000
950000,0,1,bx,1,0,1,b10,b1000,b0,b10000110111010101110011011101000110111101101101,b1110,b10000,b0,b1,b1,b1,1,0,1,0,0,b10100101,0,0,0,b10100101,b10,b100,b1000,b0,b10000110111010101110011011101000110111101101101,b1110,b10000,b0,b0,b1,b1,b11,b10,b1,b1,b10,b1000,b1,b1110,1,b100,bx,b0,1,b10,b0
960000,0,1,bx,1,0,1,b10,b1000,b0,b10000110111010101110011011101000110111101101101,b1110,b10000,b0,b1,b1,b1,0,0,1,0,0,b10100101,0,0,0,b10100101,b10,b100,b1000,b0,b10000110111010101110011011101000110111101101101,b1110,b10000,b0,b0,b1,b1,b11,b10,b1,b1,b10,b1000,b1,b1110,1,b100,bx,b0,1,b10,b0
970000,1,1,bx,1,1,0,b10,b1000,b0,b10000110111010101110011011101000110111101101101,b1110,b10000,b0,b1,b1,b1,1,0,1,0,0,b10100101,0,0,0,b10100101,b10,b100,b1000,b0,b10000110111010101110011011101000110111101101101,b1110,b10000,b0,b0,b1,b1,b11,b10,b1,b1,b10,b1000,b0,b1110,1,b0,bx,b0,0,b100,b0
980000,1,1,bx,1,1,0,b10,b1000,b0,b10000110111010101110011011101000110111101101101,b1110,b10000,b0,b1,b1,b1,0,0,1,0,0,b10100101,0,0,0,b10100101,b10,b100,b1000,b0,b10000110111010101110011011101000110111101101101,b1110,b10000,b0,b0,b1,b1,b11,b10,b1,b1,b10,b1000,b0,b1110,1,b0,bx,b0,0,b100,b0
990000,1,0,b0,1,0,0,b10,b1000,b0,b10000110111010101110011011101000110111101101101,b1110,b10000,b0,b1,b1,b1,1,0,1,0,0,b10100101,0,0,0,b10100101,b10,b100,b1000,b0,b10000110111010101110011011101000110111101101101,b1110,b10000,b0,b0,b1,b1,b11,b10,b1,b1,b10,b1000,b0,b1110,0,b0,b0,b0,0,b0,b0
1000000,1,0,b0,1,0,0,b10,b1000,b0,b10000110111010101110011011101000110111101101101,b1110,b10000,b0,b1,b1,b1,0,0,1,0,0,b10100101,0,0,0,b10100101,b10,b100,b1000,b0,b10000110111010101110011011101000110111101101101,b1110,b10000,b0,b0,b1,b1,b11,b10,b1,b1,b10,b1000,b0,b1110,0,b0,b0,b0,0,b0,b0
1010000,1,0,b0,1,0,0,b10,b1000,b0,b10000110111010101110011011101000110111101101101,b1110,b10000,b0,b1,b1,b1,1,0,1,0,0,b10100101,0,0,0,b10100101,b10,b100,b1000,b0,b10000110111010101110011011101000110111101101101,b1110,b10000,b0,b0,b1,b1,b11,b10,b1,b1,b10,b1000,b0,b1110,0,b0,b0,b0,0,b0,b0
1020000,1,0,b0,1,0,0,b10,b1000,b0,b10000110111010101110011011101000110111101101101,b1110,b10000,b0,b1,b1,b1,0,0,1,0,0,b10100101,0,0,0,b10100101,b10,b100,b1000,b0,b10000110111010101110011011101000110111101101101,b1110,b10000,b0,b0,b1,b1,b11,b10,b1,b1,b10,b1000,b0,b1110,0,b0,b0,b0,0,b0,b0
1030000,1,0,b0,1,0,0,b10,b1000,b0,b10000110111010101110011011101000110111101101101,b1110,b10000,b0,b1,b1,b1,1,0,1,0,0,b10100101,0,0,0,b10100101,b10,b100,b1000,b0,b10000110111010101110011011101000110111101101101,b1110,b10000,b0,b0,b1,b1,b11,b10,b1,b1,b10,b1000,b0,b1110,0,b0,b0,b0,0,b0,b0
1040000,1,0,b0,1,0,0,b10,b1000,b0,b10000110111010101110011011101000110111101101101,b1110,b10000,b0,b1,b1,b1,0,0,1,0,0,b10100101,0,0,0,b10100101,b10,b100,b1000,b0,b10000110111010101110011011101000110111101101101,b1110,b10000,b0,b0,b1,b1,b11,b10,b1,b1,b10,b1000,b0,b1110,0,b0,b0,b0,0,b0,b0
1050000,1,0,b0,1,0,0,b10,b1000,b0,b10000110111010101110011011101000110111101101101,b1110,b10000,b0,b1,b1,b1,1,0,1,0,0,b10100101,0,0,0,b10100101,b10,b100,b1000,b0,b10000110111010101110011011101000110111101101101,b1110,b10000,b0,b0,b1,b1,b11,b10,b1,b1,b10,b1000,b0,b1110,0,b0,b0,b0,0,b0,b0
1060000,1,0,b0,1,0,0,b10,b1000,b0,b10000110111010101110011011101000110111101101101,b1110,b10000,b0,b1,b1,b1,0,0,1,0,0,b10100101,0,0,0,b10100101,b10,b100,b1000,b0,b10000110111010101110011011101000110111101101101,b1110,b10000,b0,b0,b1,b1,b11,b10,b1,b1,b10,b1000,b0,b1110,0,b0,b0,b0,0,b0,b0
1070000,1,0,b0,1,0,0,b10,b1000,b0,b10000110111010101110011011101000110111101101101,b1110,b10000,b0,b1,b1,b1,1,0,1,0,0,b10100101,0,0,0,b10100101,b10,b100,b1000,b0,b10000110111010101110011011101000110111101101101,b1110,b10000,b0,b0,b1,b1,b11,b10,b1,b1,b10,b1000,b0,b1110,0,b0,b0,b0,0,b0,b0
1080000,1,0,b0,1,0,0,b10,b1000,b0,b10000110111010101110011011101000110111101101101,b1110,b10000,b0,b1,b1,b1,0,0,1,0,0,b10100101,0,0,0,b10100101,b10,b100,b1000,b0,b10000110111010101110011011101000110111101101101,b1110,b10000,b0,b0,b1,b1,b11,b10,b1,b1,b10,b1000,b0,b1110,0,b0,b0,b0,0,b0,b0
1090000,1,0,b0,1,0,0,b10,b1000,b0,b10000110111010101110011011101000110111101101101,b1110,b10000,b0,b1,b1,b1,1,0,1,0,0,b10100101,0,0,0,b10100101,b10,b100,b1000,b0,b10000110111010101110011011101000110111101101101,b1110,b10000,b0,b0,b1,b1,b11,b10,b1,b1,b10,b1000,b0,b1110,0,b0,b0,b0,0,b0,b0
1100000,1,0,b0,1,0,0,b10,b1000,b0,b10000110111010101110011011101000110111101101101,b1110,b10000,b0,b1,b1,b1,0,0,1,0,0,b10100101,0,0,0,b10100101,b10,b100,b1000,b0,b10000110111010101110011011101000110111101101101,b1110,b10000,b0,b0,b1,b1,b11,b10,b1,b1,b10,b1000,b0,b1110,0,b0,b0,b0,0,b0,b0
1110000,1,0,b0,1,0,0,b10,b1000,b0,b10000110111010101110011011101000110111101101101,b1110,b10000,b0,b1,b1,b1,1,0,1,0,0,b10100101,0,0,0,b10100101,b10,b100,b1000,b0,b10000110111010101110011011101000110111101101101,b1110,b10000,b0,b0,b1,b1,b11,b10,b1,b1,b10,b1000,b0,b1110,0,b0,b0,b0,0,b0,b0
1120000,1,0,b0,1,0,0,b10,b1000,b0,b10000110111010101110011011101000110111101101101,b1110,b10000,b0,b1,b1,b1,0,0,1,0,0,b10100101,0,0,0,b10100101,b10,b100,b1000,b0,b10000110111010101110011011101000110111101101101,b1110,b10000,b0,b0,b1,b1,b11,b10,b1,b1,b10,b1000,b0,b1110,0,b0,b0,b0,0,b0,b0
1130000,1,0,b0,1,0,0,b10,b1000,b0,b10000110111010101110011011101000110111101101101,b1110,b10000,b0,b1,b1,b1,1,0,1,0,0,b10100101,0,0,0,b10100101,b10,b100,b1000,b0,b10000110111010101110011011101000110111101101101,b1110,b10000,b0,b0,b1,b1,b11,b10,b1,b1,b10,b1000,b0,b1110,0,b0,b0,b0,0,b0,b0
1140000,1,0,b0,1,0,0,b10,b1000,b0,b10000110111010101110011011101000110111101101101,b1110,b10000,b0,b1,b1,b1,0,0,1,0,0,b10100101,0,0,0,b10100101,b10,b100,b1000,b0,b10000110111010101110011011101000110111101101101,b1110,b10000,b0,b0,b1,b1,b11,b10,b1,b1,b10,b1000,b0,b1110,0,b0,b0,b0,0,b0,b0
1150000,1,0,b0,1,0,0,b10,b1000,b0,b10000110111010101110011011101000110111101101101,b1110,b10000,b0,b1,b1,b1,1,0,1,0,0,b10100101,0,0,0,b10100101,b10,b100,b1000,b0,b10000110111010101110011011101000110111101101101,b1110,b10000,b0,b0,b1,b1,b11,b10,b1,b1,b10,b1000,b0,b1110,0,b0,b0,b0,0,b0,b0
1160000,1,0,b0,1,0,0,b10,b1000,b0,b10000110111010101110011011101000110111101101101,b1110,b10000,b0,b1,b1,b1,0,0,1,0,0,b10100101,0,0,0,b10100101,b10,b100,b1000,b0,b10000110111010101110011011101000110111101101101,b1110,b10000,b0,b0,b1,b1,b11,b10,b1,b1,b10,b1000,b0,b1110,0,b0,b0,b0,0,b0,b0
1170000,0,0,b0,1,0,1,b10,b1000,b0,b10000110111010101110011011101000110111101101101,b1110,b10000,b0,b1,b1,b1,1,0,1,0,1,b1010101,0,0,0,b1010101,b10,b100,b1000,b0,b10000110111010101110011011101000110111101101101,b1110,b10000,b0,b0,b1,b1,b11,b10,b1,b1,b10,b1000,b0,b1110,0,b10,b0,b0,0,b1,b0
1180000,0,0,b0,1,0,1,b10,b1000,b0,b10000110111010101110011011101000110111101101101,b1110,b10000,b0,b1,b1,b1,0,0,1,0,1,b1010101,0,0,0,b1010101,b10,b100,b1000,b0,b10000110111010101110011011101000110111101101101,b1110,b10000,b0,b0,b1,b1,b11,b10,b1,b1,b10,b1000,b0,b1110,0,b10,b0,b0,0,b1,b0
1190000,0,0,b0,1,0,1,b10,b1000,b0,b10000110111010101110011011101000110111101101101,b1110,b10000,b0,b1,b1,b1,1,0,1,0,1,b1010101,0,0,0,b1010101,b10,b100,b1000,b0,b10000110111010101110011011101000110111101101101,b1110,b10000,b0,b0,b1,b1,b11,b10,b1,b1,b10,b0,b0,b1110,0,b10,b0,b0,0,b10,b1010101
1200000,0,0,b0,1,0,1,b10,b1000,b0,b10000110111010101110011011101000110111101101101,b1110,b10000,b0,b1,b1,b1,0,0,1,0,1,b1010101,0,0,0,b1010101,b10,b100,b1000,b0,b10000110111010101110011011101000110111101101101,b1110,b10000,b0,b0,b1,b1,b11,b10,b1,b1,b10,b0,b0,b1110,0,b10,b0,b0,0,b10,b1010101
1210000,0,0,b0,1,0,1,b10,b1000,b0,b10000110111010101110011011101000110111101101101,b1110,b10000,b0,b1,b1,b1,1,0,1,0,1,b1010101,0,0,0,b1010101,b10,b100,b1000,b0,b10000110111010101110011011101000110111101101101,b1110,b10000,b0,b0,b1,b1,b11,b10,b1,b1,b10,b0,b1,b1110,0,b10,b0,b0,0,b10,b1010101
1220000,0,0,b0,1,0,1,b10,b1000,b0,b10000110111010101110011011101000110111101101101,b1110,b10000,b0,b1,b1,b1,0,0,1,0,0,b1010101,0,0,0,b1010101,b10,b100,b1000,b0,b10000110111010101110011011101000110111101101101,b1110,b10000,b0,b0,b1,b1,b11,b10,b1,b1,b10,b0,b1,b1110,0,b10,b0,b0,0,b10,b1010101
1230000,0,0,b0,1,0,1,b10,b1000,b0,b10000110111010101110011011101000110111101101101,b1110,b10000,b0,b1,b1,b1,1,0,1,0,0,b1010101,0,0,0,b1010101,b10,b100,b1000,b0,b10000110111010101110011011101000110111101101101,b1110,b10000,b0,b0,b1,b1,b11,b10,b1,b1,b10,b0,b0,b1110,0,b10,b0,b0,1,b10,b1010101
1240000,0,0,b0,1,0,1,b10,b1000,b0,b10000110111010101110011011101000110111101101101,b1110,b10000,b0,b1,b1,b1,0,0,1,0,0,b1010101,0,0,0,b1010101,b10,b100,b1000,b0,b10000110111010101110011011101000110111101101101,b1110,b10000,b0,b0,b1,b1,b11,b10,b1,b1,b10,b0,b0,b1110,0,b10,b0,b0,1,b10,b1010101
1250000,0,1,b0,0,0,1,b10,b1000,b0,b10000110111010101110011011101000110111101101101,b1110,b10000,b0,b1,b1,b1,1,0,1,0,0,b1010101,0,0,0,b1010101,b10,b100,b1000,b0,b10000110111010101110011011101000110111101101101,b1110,b10000,b0,b0,b1,b1,b11,b10,b1,b1,b10,b1,b1,b1110,1,b10,b0,b0,1,b10,b10101010
1260000,0,1,b0,0,0,1,b10,b1000,b0,b10000110111010101110011011101000110111101101101,b1110,b10000,b0,b1,b1,b1,0,0,1,0,0,b1010101,0,0,0,b1010101,b10,b100,b1000,b0,b10000110111010101110011011101000110111101101101,b1110,b10000,b0,b0,b1,b1,b11,b10,b1,b1,b10,b1,b1,b1110,1,b10,b0,b0,1,b10,b10101010
1270000,0,1,b0,0,0,1,b10,b1000,b0,b10000110111010101110011011101000110111101101101,b1110,b10000,b0,b1,b1,b1,1,0,1,0,0,b1010101,0,0,0,b1010101,b10,b100,b1000,b0,b10000110111010101110011011101000110111101101101,b1110,b10000,b0,b0,b1,b1,b11,b10,b1,b1,b10,b1,b0,b1110,1,b10,b0,b0,0,b10,b10101010
1280000,0,1,b0,0,0,1,b10,b1000,b0,b10000110111010101110011011101000110111101101101,b1110,b10000,b0,b1,b1,b1,0,0,1,0,0,b1010101,0,0,0,b1010101,b10,b100,b1000,b0,b10000110111010101110011011101000110111101101101,b1110,b10000,b0,b0,b1,b1,b11,b10,b1,b1,b10,b1,b0,b1110,1,b10,b0,b0,0,b10,b10101010
1290000,0,0,b0,0,0,1,b10,b1000,b0,b10000110111010101110011011101000110111101101101,b1110,b10000,b0,b1,b1,b1,1,0,1,0,0,b1010101,0,0,0,b1010101,b10,b100,b1000,b0,b10000110111010101110011011101000110111101101101,b1110,b10000,b0,b0,b1,b1,b11,b10,b1,b1,b10,b1,b1,b1110,0,b10,b0,b0,0,b10,b10101010
1300000,0,0,b0,0,0,1,b10,b1000,b0,b10000110111010101110011011101000110111101101101,b1110,b10000,b0,b1,b1,b1,0,0,1,0,0,b1010101,0,0,0,b1010101,b10,b100,b1000,b0,b10000110111010101110011011101000110111101101101,b1110,b10000,b0,b0,b1,b1,b11,b10,b1,b1,b10,b1,b1,b1110,0,b10,b0,b0,0,b10,b10101010
1310000,0,0,b0,0,0,1,b10,b1000,b0,b10000110111010101110011011101000110111101101101,b1110,b10000,b0,b1,b1,b1,1,0,1,0,0,b1010101,0,0,0,b1010101,b10,b100,b1000,b0,b10000110111010101110011011101000110111101101101,b1110,b10000,b0,b0,b1,b1,b11,b10,b1,b1,b10,b1,b0,b1110,0,b10,b0,b0,1,b10,b10101010
1320000,0,0,b0,0,0,1,b10,b1000,b0,b10000110111010101110011011101000110111101101101,b1110,b10000,b0,b1,b1,b1,0,0,1,0,0,b1010101,0,0,0,b1010101,b10,b100,b1000,b0,b10000110111010101110011011101000110111101101101,b1110,b10000,b0,b0,b1,b1,b11,b10,b1,b1,b10,b1,b0,b1110,0,b10,b0,b0,1,b10,b10101010
1330000,0,1,b0,1,0,1,b10,b1000,b0,b10000110111010101110011011101000110111101101101,b1110,b10000,b0,b1,b1,b1,1,0,1,0,0,b1010101,0,0,0,b1010101,b10,b100,b1000,b0,b10000110111010101110011011101000110111101101101,b1110,b10000,b0,b0,b1,b1,b11,b10,b1,b1,b10,b10,b1,b1110,1,b10,b0,b0,1,b10,b1010100
1340000,0,1,b0,1,0,1,b10,b1000,b0,b10000110111010101110011011101000110111101101101,b1110,b10000,b0,b1,b1,b1,0,0,1,0,0,b1010101,0,0,0,b1010101,b10,b100,b1000,b0,b10000110111010101110011011101000110111101101101,b1110,b10000,b0,b0,b1,b1,b11,b10,b1,b1,b10,b10,b1,b1110,1,b10,b0,b0,1,b10,b1010100
1350000,0,1,b0,1,0,1,b10,b1000,b0,b10000110111010101110011011101000110111101101101,b1110,b10000,b0,b1,b1,b1,1,0,1,0,0,b1010101,0,0,0,b1010101,b10,b100,b1000,b0,b10000110111010101110011011101000110111101101101,b1110,b10000,b0,b0,b1,b1,b11,b10,b1,b1,b10,b10,b0,b1110,1,b10,b0,b0,0,b10,b1010100
1360000,0,1,b0,1,0,1,b10,b1000,b0,b10000110111010101110011011101000110111101101101,b1110,b10000,b0,b1,b1,b1,0,0,1,0,0,b1010101,0,0,0,b1010101,b10,b100,b1000,b0,b10000110111010101110011011101000110111101101101,b1110,b10000,b0,b0,b1,b1,b11,b10,b1,b1,b10,b10,b0,b1110,1,b10,b0,b0,0,b10,b1010100
1370000,0,0,b0,1,0,1,b10,b1000,b0,b10000110111010101110011011101000110111101101101,b1110,b10000,b0,b1,b1,b1,1,0,1,0,0,b1010101,0,0,0,b1010101,b10,b100,b1000,b0,b10000110111010101110011011101000110111101101101,b1110,b10000,b0,b0,b1,b1,b11,b10,b1,b1,b10,b10,b1,b1110,0,b10,b0,b0,0,b10,b1010100
1380000,0,0,b0,1,0,1,b10,b1000,b0,b10000110111010101110011011101000110111101101101,b1110,b10000,b0,b1,b1,b1,0,0,1,0,0,b1010101,0,0,0,b1010101,b10,b100,b1000,b0,b10000110111010101110011011101000110111101101101,b1110,b10000,b0,b0,b1,b1,b11,b10,b1,b1,b10,b10,b1,b1110,0,b10,b0,b0,0,b10,b1010100
1390000,0,0,b0,1,0,1,b10,b1000,b0,b10000110111010101110011011101000110111101101101,b1110,b10000,b0,b1,b1,b1,1,0,1,0,0,b1010101,0,0,0,b1010101,b10,b100,b1000,b0,b10000110111010101110011011101000110111101101101,b1110,b10000,b0,b0,b1,b1,b11,b10,b1,b1,b10,b10,b0,b1110,0,b10,b0,b0,1,b10,b1010100
1400000,0,0,b0,1,0,1,b10,b1000,b0,b10000110111010101110011011101000110111101101101,b1110,b10000,b0,b1,b1,b1,0,0,1,0,0,b1010101,0,0,0,b1010101,b10,b100,b1000,b0,b10000110111010101110011011101000110111101101101,b1110,b10000,b0,b0,b1,b1,b11,b10,b1,b1,b10,b10,b0,b1110,0,b10,b0,b0,1,b10,b1010100
1410000,0,1,b0,0,0,1,b10,b1000,b0,b10000110111010101110011011101000110111101101101,b1110,b10000,b0,b1,b1,b1,1,0,1,0,0,b1010101,0,0,0,b1010101,b10,b100,b1000,b0,b10000110111010101110011011101000110111101101101,b1110,b10000,b0,b0,b1,b1,b11,b10,b1,b1,b10,b11,b1,b1110,1,b10,b0,b0,1,b10,b10101000
1420000,0,1,b0,0,0,1,b10,b1000,b0,b10000110111010101110011011101000110111101101101,b1110,b10000,b0,b1,b1,b1,0,0,1,0,0,b1010101,0,0,0,b1010101,b10,b100,b1000,b0,b10000110111010101110011011101000110111101101101,b1110,b10000,b0,b0,b1,b1,b11,b10,b1,b1,b10,b11,b1,b1110,1,b10,b0,b0,1,b10,b10101000
1430000,0,1,b0,0,0,1,b10,b1000,b0,b10000110111010101110011011101000110111101101101,b1110,b10000,b0,b1,b1,b1,1,0,1,0,0,b1010101,0,0,0,b1010101,b10,b100,b1000,b0,b10000110111010101110011011101000110111101101101,b1110,b10000,b0,b0,b1,b1,b11,b10,b1,b1,b10,b11,b0,b1110,1,b10,b0,b0,0,b10,b10101000
1440000,0,1,b0,0,0,1,b10,b1000,b0,b10000110111010101110011011101000110111101101101,b1110,b10000,b0,b1,b1,b1,0,0,1,0,0,b1010101,0,0,0,b1010101,b10,b100,b1000,b0,b10000110111010101110011011101000110111101101101,b1110,b10000,b0,b0,b1,b1,b11,b10,b1,b1,b10,b11,b0,b1110,1,b10,b0,b0,0,b10,b10101000
1450000,0,0,b0,0,0,1,b10,b1000,b0,b10000110111010101110011011101000110111101101101,b1110,b10000,b0,b1,b1,b1,1,0,1,0,0,b1010101,0,0,0,b1010101,b10,b100,b1000,b0,b10000110111010101110011011101000110111101101101,b1110,b10000,b0,b0,b1,b1,b11,b10,b1,b1,b10,b11,b1,b1110,0,b10,b0,b0,0,b10,b10101000
1460000,0,0,b0,0,0,1,b10,b1000,b0,b10000110111010101110011011101000110111101101101,b1110,b10000,b0,b1,b1,b1,0,0,1,0,0,b1010101,0,0,0,b1010101,b10,b100,b1000,b0,b10000110111010101110011011101000110111101101101,b1110,b10000,b0,b0,b1,b1,b11,b10,b1,b1,b10,b11,b1,b1110,0,b10,b0,b0,0,b10,b10101000
1470000,0,0,b0,0,0,1,b10,b1000,b0,b10000110111010101110011011101000110111101101101,b1110,b10000,b0,b1,b1,b1,1,0,1,0,0,b1010101,0,0,0,b1010101,b10,b100,b1000,b0,b10000110111010101110011011101000110111101101101,b1110,b10000,b0,b0,b1,b1,b11,b10,b1,b1,b10,b11,b0,b1110,0,b10,b0,b0,1,b10,b10101000
1480000,0,0,b0,0,0,1,b10,b1000,b0,b10000110111010101110011011101000110111101101101,b1110,b10000,b0,b1,b1,b1,0,0,1,0,0,b1010101,0,0,0,b1010101,b10,b100,b1000,b0,b10000110111010101110011011101000110111101101101,b1110,b10000,b0,b0,b1,b1,b11,b10,b1,b1,b10,b11,b0,b1110,0,b10,b0,b0,1,b10,b10101000
1490000,0,1,b0,1,0,1,b10,b1000,b0,b10000110111010101110011011101000110111101101101,b1110,b10000,b0,b1,b1,b1,1,0,1,0,0,b1010101,0,0,0,b1010101,b10,b100,b1000,b0,b10000110111010101110011011101000110111101101101,b1110,b10000,b0,b0,b1,b1,b11,b10,b1,b1,b10,b100,b1,b1110,1,b10,b0,b0,1,b10,b1010000
1500000,0,1,b0,1,0,1,b10,b1000,b0,b10000110111010101110011011101000110111101101101,b1110,b10000,b0,b1,b1,b1,0,0,1,0,0,b1010101,0,0,0,b1010101,b10,b100,b1000,b0,b10000110111010101110011011101000110111101101101,b1110,b10000,b0,b0,b1,b1,b11,b10,b1,b1,b10,b100,b1,b1110,1,b10,b0,b0,1,b10,b1010000
1510000,0,1,b0,1,0,1,b10,b1000,b0,b10000110111010101110011011101000110111101101101,b1110,b10000,b0,b1,b1,b1,1,0,1,0,0,b1010101,0,0,0,b1010101,b10,b100,b1000,b0,b10000110111010101110011011101000110111101101101,b1110,b10000,b0,b0,b1,b1,b11,b10,b1,b1,b10,b100,b0,b1110,1,b10,b0,b0,0,b10,b1010000
1520000,0,1,b0,1,0,1,b10,b1000,b0,b10000110111010101110011011101000110111101101101,b1110,b10000,b0,b1,b1,b1,0,0,1,0,0,b1010101,0,0,0,b1010101,b10,b100,b1000,b0,b10000110111010101110011011101000110111101101101,b1110,b10000,b0,b0,b1,b1,b11,b10,b1,b1,b10,b100,b0,b1110,1,b10,b0,b0,0,b10,b1010000
1530000,0,0,b0,1,0,1,b10,b1000,b0,b10000110111010101110011011101000110111101101101,b1110,b10000,b0,b1,b1,b1,1,0,1,0,0,b1010101,0,0,0,b1010101,b10,b100,b1000,b0,b10000110111010101110011011101000110111101101101,b1110,b10000,b0,b0,b1,b1,b11,b10,b1,b1,b10,b100,b1,b1110,0,b10,b0,b0,0,b10,b1010000
1540000,0,0,b0,1,0,1,b10,b1000,b0,b10000110111010101110011011101000110111101101101,b1110,b10000,b0,b1,b1,b1,0,0,1,0,0,b1010101,0,0,0,b1010101,b10,b100,b1000,b0,b10000110111010101110011011101000110111101101101,b1110,b10000,b0,b0,b1,b1,b11,b10,b1,b1,b10,b100,b1,b1110,0,b10,b0,b0,0,b10,b1010000
1550000,0,0,b0,1,0,1,b10,b1000,b0,b10000110111010101110011011101000110111101101101,b1110,b10000,b0,b1,b1,b1,1,0,1,0,0,b1010101,0,0,0,b1010101,b10,b100,b1000,b0,b10000110111010101110011011101000110111101101101,b1110,b10000,b0,b0,b1,b1,b11,b10,b1,b1,b10,b100,b0,b1110,0,b10,b0,b0,1,b10,b1010000
1560000,0,0,b0,1,0,1,b10,b1000,b0,b10000110111010101110011011101000110111101101101,b1110,b10000,b0,b1,b1,b1,0,0,1,0,0,b1010101,0,0,0,b1010101,b10,b100,b1000,b0,b10000110111010101110011011101000110111101101101,b1110,b10000,b0,b0,b1,b1,b11,b10,b1,b1,b10,b100,b0,b1110,0,b10,b0,b0,1,b10,b1010000
1570000,0,1,b0,0,0,1,b10,b1000,b0,b10000110111010101110011011101000110111101101101,b1110,b10000,b0,b1,b1,b1,1,0,1,0,0,b1010101,0,0,0,b1010101,b10,b100,b1000,b0,b10000110111010101110011011101000110111101101101,b1110,b10000,b0,b0,b1,b1,b11,b10,b1,b1,b10,b101,b1,b1110,1,b10,b0,b0,1,b10,b10100000
1580000,0,1,b0,0,0,1,b10,b1000,b0,b10000110111010101110011011101000110111101101101,b1110,b10000,b0,b1,b1,b1,0,0,1,0,0,b1010101,0,0,0,b1010101,b10,b100,b1000,b0,b10000110111010101110011011101000110111101101101,b1110,b10000,b0,b0,b1,b1,b11,b10,b1,b1,b10,b101,b1,b1110,1,b10,b0,b0,1,b10,b10100000
1590000,0,1,b0,0,0,1,b10,b1000,b0,b10000110111010101110011011101000110111101101101,b1110,b10000,b0,b1,b1,b1,1,0,1,0,0,b1010101,0,0,0,b1010101,b10,b100,b1000,b0,b10000110111010101110011011101000110111101101101,b1110,b10000,b0,b0,b1,b1,b11,b10,b1,b1,b10,b101,b0,b1110,1,b10,b0,b0,0,b10,b10100000
1600000,0,1,b0,0,0,1,b10,b1000,b0,b10000110111010101110011011101000110111101101101,b1110,b10000,b0,b1,b1,b1,0,0,1,0,0,b1010101,0,0,0,b1010101,b10,b100,b1000,b0,b10000110111010101110011011101000110111101101101,b1110,b10000,b0,b0,b1,b1,b11,b10,b1,b1,b10,b101,b0,b1110,1,b10,b0,b0,0,b10,b10100000
1610000,0,0,b0,0,0,1,b10,b1000,b0,b10000110111010101110011011101000110111101101101,b1110,b10000,b0,b1,b1,b1,1,0,1,0,0,b1010101,0,0,0,b1010101,b10,b100,b1000,b0,b10000110111010101110011011101000110111101101101,b1110,b10000,b0,b0,b1,b1,b11,b10,b1,b1,b10,b101,b1,b1110,0,b10,b0,b0,0,b10,b10100000
1620000,0,0,b0,0,0,1,b10,b1000,b0,b10000110111010101110011011101000110111101101101,b1110,b10000,b0,b1,b1,b1,0,0,1,0,0,b1010101,0,0,0,b1010101,b10,b100,b1000,b0,b10000110111010101110011011101000110111101101101,b1110,b10000,b0,b0,b1,b1,b11,b10,b1,b1,b10,b101,b1,b1110,0,b10,b0,b0,0,b10,b10100000
1630000,0,0,b0,0,0,1,b10,b1000,b0,b10000110111010101110011011101000110111101101101,b1110,b10000,b0,b1,b1,b1,1,0,1,0,0,b1010101,0,0,0,b1010101,b10,b100,b1000,b0,b10000110111010101110011011101000110111101101101,b1110,b10000,b0,b0,b1,b1,b11,b10,b1,b1,b10,b101,b0,b1110,0,b10,b0,b0,1,b10,b10100000
1640000,0,0,b0,0,0,1,b10,b1000,b0,b10000110111010101110011011101000110111101101101,b1110,b10000,b0,b1,b1,b1,0,0,1,0,0,b1010101,0,0,0,b1010101,b10,b100,b1000,b0,b10000110111010101110011011101000110111101101101,b1110,b10000,b0,b0,b1,b1,b11,b10,b1,b1,b10,b101,b0,b1110,0,b10,b0,b0,1,b10,b10100000
1650000,0,1,b0,1,0,1,b10,b1000,b0,b10000110111010101110011011101000110111101101101,b1110,b10000,b0,b1,b1,b1,1,0,1,0,0,b1010101,0,0,0,b1010101,b10,b100,b1000,b0,b10000110111010101110011011101000110111101101101,b1110,b10000,b0,b0,b1,b1,b11,b10,b1,b1,b10,b110,b1,b1110,1,b10,b0,b0,1,b10,b1000000
1660000,0,1,b0,1,0,1,b10,b1000,b0,b10000110111010101110011011101000110111101101101,b1110,b10000,b0,b1,b1,b1,0,0,1,0,0,b1010101,0,0,0,b1010101,b10,b100,b1000,b0,b10000110111010101110011011101000110111101101101,b1110,b10000,b0,b0,b1,b1,b11,b10,b1,b1,b10,b110,b1,b1110,1,b10,b0,b0,1,b10,b1000000
1670000,0,1,b0,1,0,1,b10,b1000,b0,b10000110111010101110011011101000110111101101101,b1110,b10000,b0,b1,b1,b1,1,0,1,0,0,b1010101,0,0,0,b1010101,b10,b100,b1000,b0,b10000110111010101110011011101000110111101101101,b1110,b10000,b0,b0,b1,b1,b11,b10,b1,b1,b10,b110,b0,b1110,1,b10,b0,b0,0,b10,b1000000
1680000,0,1,b0,1,0,1,b10,b1000,b0,b10000110111010101110011011101000110111101101101,b1110,b10000,b0,b1,b1,b1,0,0,1,0,0,b1010101,0,0,0,b1010101,b10,b100,b1000,b0,b10000110111010101110011011101000110111101101101,b1110,b10000,b0,b0,b1,b1,b11,b10,b1,b1,b10,b110,b0,b1110,1,b10,b0,b0,0,b10,b1000000
1690000,0,0,b0,1,0,1,b10,b1000,b0,b10000110111010101110011011101000110111101101101,b1110,b10000,b0,b1,b1,b1,1,0,1,0,0,b1010101,0,0,0,b1010101,b10,b100,b1000,b0,b10000110111010101110011011101000110111101101101,b1110,b10000,b0,b0,b1,b1,b11,b10,b1,b1,b10,b110,b1,b1110,0,b10,b0,b0,0,b10,b1000000
1700000,0,0,b0,1,0,1,b10,b1000,b0,b10000110111010101110011011101000110111101101101,b1110,b10000,b0,b1,b1,b1,0,0,1,0,0,b1010101,0,0,0,b1010101,b10,b100,b1000,b0,b10000110111010101110011011101000110111101101101,b1110,b10000,b0,b0,b1,b1,b11,b10,b1,b1,b10,b110,b1,b1110,0,b10,b0,b0,0,b10,b1000000
1710000,0,0,b0,1,0,1,b10,b1000,b0,b10000110111010101110011011101000110111101101101,b1110,b10000,b0,b1,b1,b1,1,0,1,0,0,b1010101,0,0,0,b1010101,b10,b100,b1000,b0,b10000110111010101110011011101000110111101101101,b1110,b10000,b0,b0,b1,b1,b11,b10,b1,b1,b10,b110,b0,b1110,0,b10,b0,b0,1,b10,b1000000
1720000,0,0,b0,1,0,1,b10,b1000,b0,b10000110111010101110011011101000110111101101101,b1110,b10000,b0,b1,b1,b1,0,0,1,0,0,b1010101,0,0,0,b1010101,b10,b100,b1000,b0,b10000110111010101110011011101000110111101101101,b1110,b10000,b0,b0,b1,b1,b11,b10,b1,b1,b10,b110,b0,b1110,0,b10,b0,b0,1,b10,b1000000
1730000,0,1,b0,0,0,1,b10,b1000,b0,b10000110111010101110011011101000110111101101101,b1110,b10000,b0,b1,b1,b1,1,0,1,0,0,b1010101,0,0,0,b1010101,b10,b100,b1000,b0,b10000110111010101110011011101000110111101101101,b1110,b10000,b0,b0,b1,b1,b11,b10,b1,b1,b10,b111,b1,b1110,1,b10,b0,b0,1,b10,b10000000
1740000,0,1,b0,0,0,1,b10,b1000,b0,b10000110111010101110011011101000110111101101101,b1110,b10000,b0,b1,b1,b1,0,0,1,0,0,b1010101,0,0,0,b1010101,b10,b100,b1000,b0,b10000110111010101110011011101000110111101101101,b1110,b10000,b0,b0,b1,b1,b11,b10,b1,b1,b10,b111,b1,b1110,1,b10,b0,b0,1,b10,b10000000
1750000,0,1,b0,0,0,1,b10,b1000,b0,b10000110111010101110011011101000110111101101101,b1110,b10000,b0,b1,b1,b1,1,0,1,0,0,b1010101,0,0,0,b1010101,b10,b100,b1000,b0,b10000110111010101110011011101000110111101101101,b1110,b10000,b0,b0,b1,b1,b11,b10,b1,b1,b10,b111,b0,b1110,1,b10,b0,b0,0,b10,b10000000
1760000,0,1,b0,0,0,1,b10,b1000,b0,b10000110111010101110011011101000110111101101101,b1110,b10000,b0,b1,b1,b1,0,0,1,0,0,b1010101,0,0,0,b1010101,b10,b100,b1000,b0,b10000110111010101110011011101000110111101101101,b1110,b10000,b0,b0,b1,b1,b11,b10,b1,b1,b10,b111,b0,b1110,1,b10,b0,b0,0,b10,b10000000
1770000,0,0,b0,0,0,1,b10,b1000,b0,b10000110111010101110011011101000110111101101101,b1110,b10000,b0,b1,b1,b1,1,0,1,0,0,b1010101,0,0,0,b1010101,b10,b100,b1000,b0,b10000110111010101110011011101000110111101101101,b1110,b10000,b0,b0,b1,b1,b11,b10,b1,b1,b10,b111,b1,b1110,0,b10,b0,b0,0,b10,b10000000
1780000,0,0,b0,0,0,1,b10,b1000,b0,b10000110111010101110011011101000110111101101101,b1110,b10000,b0,b1,b1,b1,0,0,1,0,0,b1010101,0,0,0,b1010101,b10,b100,b1000,b0,b10000110111010101110011011101000110111101101101,b1110,b10000,b0,b0,b1,b1,b11,b10,b1,b1,b10,b111,b1,b1110,0,b10,b0,b0,0,b10,b10000000
1790000,0,0,b0,0,0,1,b10,b1000,b0,b10000110111010101110011011101000110111101101101,b1110,b10000,b0,b1,b1,b1,1,0,1,0,0,b1010101,0,0,0,b1010101,b10,b100,b1000,b0,b10000110111010101110011011101000110111101101101,b1110,b10000,b0,b0,b1,b1,b11,b10,b1,b1,b10,b111,b0,b1110,0,b10,b0,b0,1,b10,b10000000
1800000,0,0,b0,0,0,1,b10,b1000,b0,b10000110111010101110011011101000110111101101101,b1110,b10000,b0,b1,b1,b1,0,0,1,0,0,b1010101,0,0,0,b1010101,b10,b100,b1000,b0,b10000110111010101110011011101000110111101101101,b1110,b10000,b0,b0,b1,b1,b11,b10,b1,b1,b10,b111,b0,b1110,0,b10,b0,b0,1,b10,b10000000
1810000,0,1,b0,1,0,1,b10,b1000,b0,b10000110111010101110011011101000110111101101101,b1110,b10000,b0,b1,b1,b1,1,0,1,0,0,b1010101,0,0,0,b1010101,b10,b100,b1000,b0,b10000110111010101110011011101000110111101101101,b1110,b10000,b0,b0,b1,b1,b11,b10,b1,b1,b10,b1000,b1,b1110,1,b100,b0,b0,1,b10,b0
1820000,0,1,b0,1,0,1,b10,b1000,b0,b10000110111010101110011011101000110111101101101,b1110,b10000,b0,b1,b1,b1,0,0,1,0,0,b1010101,0,0,0,b1010101,b10,b100,b1000,b0,b10000110111010101110011011101000110111101101101,b1110,b10000,b0,b0,b1,b1,b11,b10,b1,b1,b10,b1000,b1,b1110,1,b100,b0,b0,1,b10,b0
1830000,1,1,b0,1,1,0,b10,b1000,b0,b10000110111010101110011011101000110111101101101,b1110,b10000,b0,b1,b1,b1,1,0,1,1,0,b1010101,0,0,0,b1010101,b10,b100,b1000,b0,b10000110111010101110011011101000110111101101101,b1110,b10000,b0,b0,b1,b1,b11,b10,b1,b1,b10,b1000,b0,b1110,1,b0,b0,b0,0,b100,b0
1840000,1,1,b0,1,1,0,b10,b1000,b0,b10000110111010101110011011101000110111101101101,b1110,b10000,b0,b1,b1,b1,0,0,1,1,0,b1010101,0,0,0,b1010101,b10,b100,b1000,b0,b10000110111010101110011011101000110111101101101,b1110,b10000,b0,b0,b1,b1,b11,b10,b1,b1,b10,b1000,b0,b1110,1,b0,b0,b0,0,b100,b0
1850000,1,0,b0,1,0,0,b10,b1000,b0,b10000110111010101110011011101000110111101101101,b1110,b10000,b0,b1,b1,b1,1,0,1,1,0,b1010101,0,0,0,b1010101,b10,b100,b1000,b0,b10000110111010101110011011101000110111101101101,b1110,b10000,b0,b0,b1,b1,b11,b10,b1,b1,b10,b1000,b0,b1110,0,b1,b0,b0,0,b0,b0
1860000,1,0,b0,1,0,0,b10,b1000,b0,b10000110111010101110011011101000110111101101101,b1110,b10000,b0,b1,b1,b1,0,0,1,1,0,b1010101,0,0,0,b1010101,b10,b100,b1000,b0,b10000110111010101110011011101000110111101101101,b1110,b10000,b0,b0,b1,b1,b11,b10,b1,b1,b10,b1000,b0,b1110,0,b1,b0,b0,0,b0,b0
1870000,0,0,b0,1,0,1,b10,b1000,b0,b10000110111010101110011011101000110111101101101,b1110,b10000,b0,b1,b1,b1,1,0,1,1,0,b1010101,0,0,0,b1010101,b10,b100,b1000,b0,b10000110111010101110011011101000110111101101101,b1110,b10000,b0,b0,b1,b1,b11,b10,b1,b1,b10,b1000,b0,b1110,0,b10,b0,b0,0,b1,b0
1880000,0,0,b0,1,0,1,b10,b1000,b0,b10000110111010101110011011101000110111101101101,b1110,b10000,b0,b1,b1,b1,0,0,1,0,0,b1010101,0,0,0,b1010101,b10,b100,b1000,b0,b10000110111010101110011011101000110111101101101,b1110,b10000,b0,b0,b1,b1,b11,b10,b1,b1,b10,b1000,b0,b1110,0,b10,b0,b0,0,b1,b0
1890000,0,0,b0,1,0,1,b10,b1000,b0,b10000110111010101110011011101000110111101101101,b1110,b10000,b0,b1,b1,b1,1,0,1,0,0,b1010101,0,0,0,b1010101,b10,b100,b1000,b0,b10000110111010101110011011101000110111101101101,b1110,b10000,b0,b0,b1,b1,b11,b10,b1,b1,b10,b0,b0,b1110,0,b10,b0,b0,0,b10,b1010101
1900000,0,0,b0,1,0,1,b10,b1000,b0,b10000110111010101110011011101000110111101101101,b1110,b10000,b0,b1,b1,b1,0,0,1,0,0,b1010101,0,0,0,b1010101,b10,b100,b1000,b0,b10000110111010101110011011101000110111101101101,b1110,b10000,b0,b0,b1,b1,b11,b10,b1,b1,b10,b0,b0,b1110,0,b10,b0,b0,0,b10,b1010101
1910000,0,0,b0,1,0,1,b10,b1000,b0,b10000110111010101110011011101000110111101101101,b1110,b10000,b0,b1,b1,b1,1,0,1,0,0,b1010101,0,0,0,b1010101,b10,b100,b1000,b0,b10000110111010101110011011101000110111101101101,b1110,b10000,b0,b0,b1,b1,b11,b10,b1,b1,b10,b0,b1,b1110,0,b10,b0,b0,0,b10,b1010101
1920000,0,0,b0,1,0,1,b10,b1000,b0,b10000110111010101110011011101000110111101101101,b1110,b10000,b0,b1,b1,b1,0,0,1,0,0,b1010101,0,0,0,b1010101,b10,b100,b1000,b0,b10000110111010101110011011101000110111101101101,b1110,b10000,b0,b0,b1,b1,b11,b10,b1,b1,b10,b0,b1,b1110,0,b10,b0,b0,0,b10,b1010101
1930000,0,0,b0,1,0,1,b10,b1000,b0,b10000110111010101110011011101000110111101101101,b1110,b10000,b0,b1,b1,b1,1,0,1,0,0,b1010101,0,0,0,b1010101,b10,b100,b1000,b0,b10000110111010101110011011101000110111101101101,b1110,b10000,b0,b0,b1,b1,b11,b10,b1,b1,b10,b0,b0,b1110,0,b10,b0,b0,1,b10,b1010101
1940000,0,0,b0,1,0,1,b10,b1000,b0,b10000110111010101110011011101000110111101101101,b1110,b10000,b0,b1,b1,b1,0,0,1,0,0,b1010101,0,0,0,b1010101,b10,b100,b1000,b0,b10000110111010101110011011101000110111101101101,b1110,b10000,b0,b0,b1,b1,b11,b10,b1,b1,b10,b0,b0,b1110,0,b10,b0,b0,1,b10,b1010101
1950000,0,1,b0,0,0,1,b10,b1000,b0,b10000110111010101110011011101000110111101101101,b1110,b10000,b0,b1,b1,b1,1,0,1,0,0,b1010101,0,0,0,b1010101,b10,b100,b1000,b0,b10000110111010101110011011101000110111101101101,b1110,b10000,b0,b0,b1,b1,b11,b10,b1,b1,b10,b1,b1,b1110,1,b10,b0,b0,1,b10,b10101010
1960000,0,1,b0,0,0,1,b10,b1000,b0,b10000110111010101110011011101000110111101101101,b1110,b10000,b0,b1,b1,b1,0,0,1,0,0,b1010101,0,0,0,b1010101,b10,b100,b1000,b0,b10000110111010101110011011101000110111101101101,b1110,b10000,b0,b0,b1,b1,b11,b10,b1,b1,b10,b1,b1,b1110,1,b10,b0,b0,1,b10,b10101010
1970000,0,1,b0,0,0,1,b10,b1000,b0,b10000110111010101110011011101000110111101101101,b1110,b10000,b0,b1,b1,b1,1,0,1,0,0,b1010101,0,0,0,b1010101,b10,b100,b1000,b0,b10000110111010101110011011101000110111101101101,b1110,b10000,b0,b0,b1,b1,b11,b10,b1,b1,b10,b1,b0,b1110,1,b10,b0,b0,0,b10,b10101010
1980000,0,1,b0,0,0,1,b10,b1000,b0,b10000110111010101110011011101000110111101101101,b1110,b10000,b0,b1,b1,b1,0,0,1,0,0,b1010101,0,0,0,b1010101,b10,b100,b1000,b0,b10000110111010101110011011101000110111101101101,b1110,b10000,b0,b0,b1,b1,b11,b10,b1,b1,b10,b1,b0,b1110,1,b10,b0,b0,0,b10,b10101010
1990000,0,0,b0,0,0,1,b10,b1000,b0,b10000110111010101110011011101000110111101101101,b1110,b10000,b0,b1,b1,b1,1,0,1,0,0,b1010101,0,0,0,b1010101,b10,b100,b1000,b0,b10000110111010101110011011101000110111101101101,b1110,b10000,b0,b0,b1,b1,b11,b10,b1,b1,b10,b1,b1,b1110,0,b10,b0,b0,0,b10,b10101010
2000000,0,0,b0,0,0,1,b10,b1000,b0,b10000110111010101110011011101000110111101101101,b1110,b10000,b0,b1,b1,b1,0,0,1,0,0,b1010101,0,0,0,b1010101,b10,b100,b1000,b0,b10000110111010101110011011101000110111101101101,b1110,b10000,b0,b0,b1,b1,b11,b10,b1,b1,b10,b1,b1,b1110,0,b10,b0,b0,0,b10,b10101010
2010000,0,0,b0,0,0,1,b10,b1000,b0,b10000110111010101110011011101000110111101101101,b1110,b10000,b0,b1,b1,b1,1,0,1,0,0,b1010101,0,0,0,b1010101,b10,b100,b1000,b0,b10000110111010101110011011101000110111101101101,b1110,b10000,b0,b0,b1,b1,b11,b10,b1,b1,b10,b1,b0,b1110,0,b10,b0,b0,1,b10,b10101010
2020000,0,0,b0,0,0,1,b10,b1000,b0,b10000110111010101110011011101000110111101101101,b1110,b10000,b0,b1,b1,b1,0,0,1,0,0,b1010101,0,0,0,b1010101,b10,b100,b1000,b0,b10000110111010101110011011101000110111101101101,b1110,b10000,b0,b0,b1,b1,b11,b10,b1,b1,b10,b1,b0,b1110,0,b10,b0,b0,1,b10,b10101010
2030000,0,1,b0,1,0,1,b10,b1000,b0,b10000110111010101110011011101000110111101101101,b1110,b10000,b0,b1,b1,b1,1,0,1,0,0,b1010101,0,0,0,b1010101,b10,b100,b1000,b0,b10000110111010101110011011101000110111101101101,b1110,b10000,b0,b0,b1,b1,b11,b10,b1,b1,b10,b10,b1,b1110,1,b10,b0,b0,1,b10,b1010100
2040000,0,1,b0,1,0,1,b10,b1000,b0,b10000110111010101110011011101000110111101101101,b1110,b10000,b0,b1,b1,b1,0,0,1,0,0,b1010101,0,0,0,b1010101,b10,b100,b1000,b0,b10000110111010101110011011101000110111101101101,b1110,b10000,b0,b0,b1,b1,b11,b10,b1,b1,b10,b10,b1,b1110,1,b10,b0,b0,1,b10,b1010100
2050000,0,1,b0,1,0,1,b10,b1000,b0,b10000110111010101110011011101000110111101101101,b1110,b10000,b0,b1,b1,b1,1,0,1,0,0,b1010101,0,0,0,b1010101,b10,b100,b1000,b0,b10000110111010101110011011101000110111101101101,b1110,b10000,b0,b0,b1,b1,b11,b10,b1,b1,b10,b10,b0,b1110,1,b10,b0,b0,0,b10,b1010100
2060000,0,1,b0,1,0,1,b10,b1000,b0,b10000110111010101110011011101000110111101101101,b1110,b10000,b0,b1,b1,b1,0,0,1,0,0,b1010101,0,0,0,b1010101,b10,b100,b1000,b0,b10000110111010101110011011101000110111101101101,b1110,b10000,b0,b0,b1,b1,b11,b10,b1,b1,b10,b10,b0,b1110,1,b10,b0,b0,0,b10,b1010100
2070000,0,0,b0,1,0,1,b10,b1000,b0,b10000110111010101110011011101000110111101101101,b1110,b10000,b0,b1,b1,b1,1,0,1,0,0,b1010101,0,0,0,b1010101,b10,b100,b1000,b0,b10000110111010101110011011101000110111101101101,b1110,b10000,b0,b0,b1,b1,b11,b10,b1,b1,b10,b10,b1,b1110,0,b10,b0,b0,0,b10,b1010100
2080000,0,0,b0,1,0,1,b10,b1000,b0,b10000110111010101110011011101000110111101101101,b1110,b10000,b0,b1,b1,b1,0,0,1,0,0,b1010101,0,0,0,b1010101,b10,b100,b1000,b0,b10000110111010101110011011101000110111101101101,b1110,b10000,b0,b0,b1,b1,b11,b10,b1,b1,b10,b10,b1,b1110,0,b10,b0,b0,0,b10,b1010100
2090000,0,0,b0,1,0,1,b10,b1000,b0,b10000110111010101110011011101000110111101101101,b1110,b10000,b0,b1,b1,b1,1,0,1,0,0,b1010101,0,0,0,b1010101,b10,b100,b1000,b0,b10000110111010101110011011101000110111101101101,b1110,b10000,b0,b0,b1,b1,b11,b10,b1,b1,b10,b10,b0,b1110,0,b10,b0,b0,1,b10,b1010100
2100000,0,0,b0,1,0,1,b10,b1000,b0,b10000110111010101110011011101000110111101101101,b1110,b10000,b0,b1,b1,b1,0,0,1,0,0,b1010101,0,0,0,b1010101,b10,b100,b1000,b0,b10000110111010101110011011101000110111101101101,b1110,b10000,b0,b0,b1,b1,b11,b10,b1,b1,b10,b10,b0,b1110,0,b10,b0,b0,1,b10,b1010100
2110000,0,1,b0,0,0,1,b10,b1000,b0,b10000110111010101110011011101000110111101101101,b1110,b10000,b0,b1,b1,b1,1,0,1,0,0,b1010101,0,0,0,b1010101,b10,b100,b1000,b0,b10000110111010101110011011101000110111101101101,b1110,b10000,b0,b0,b1,b1,b11,b10,b1,b1,b10,b11,b1,b1110,1,b10,b0,b0,1,b10,b10101000
2120000,0,1,b0,0,0,1,b10,b1000,b0,b10000110111010101110011011101000110111101101101,b1110,b10000,b0,b1,b1,b1,0,0,1,0,0,b1010101,0,0,0,b1010101,b10,b100,b1000,b0,b10000110111010101110011011101000110111101101101,b1110,b10000,b0,b0,b1,b1,b11,b10,b1,b1,b10,b11,b1,b1110,1,b10,b0,b0,1,b10,b10101000
2130000,0,1,b0,0,0,1,b10,b1000,b0,b10000110111010101110011011101000110111101101101,b1110,b10000,b0,b1,b1,b1,1,0,1,0,0,b1010101,0,0,0,b1010101,b10,b100,b1000,b0,b10000110111010101110011011101000110111101101101,b1110,b10000,b0,b0,b1,b1,b11,b10,b1,b1,b10,b11,b0,b1110,1,b10,b0,b0,0,b10,b10101000
2140000,0,1,b0,0,0,1,b10,b1000,b0,b10000110111010101110011011101000110111101101101,b1110,b10000,b0,b1,b1,b1,0,0,1,0,0,b1010101,0,0,0,b1010101,b10,b100,b1000,b0,b10000110111010101110011011101000110111101101101,b1110,b10000,b0,b0,b1,b1,b11,b10,b1,b1,b10,b11,b0,b1110,1,b10,b0,b0,0,b10,b10101000
2150000,0,0,b0,0,0,1,b10,b1000,b0,b10000110111010101110011011101000110111101101101,b1110,b10000,b0,b1,b1,b1,1,0,1,0,0,b1010101,0,0,0,b1010101,b10,b100,b1000,b0,b10000110111010101110011011101000110111101101101,b1110,b10000,b0,b0,b1,b1,b11,b10,b1,b1,b10,b11,b1,b1110,0,b10,b0,b0,0,b10,b10101000
2160000,0,0,b0,0,0,1,b10,b1000,b0,b10000110111010101110011011101000110111101101101,b1110,b10000,b0,b1,b1,b1,0,0,1,0,0,b1010101,0,0,0,b1010101,b10,b100,b1000,b0,b10000110111010101110011011101000110111101101101,b1110,b10000,b0,b0,b1,b1,b11,b10,b1,b1,b10,b11,b1,b1110,0,b10,b0,b0,0,b10,b10101000
2170000,0,0,b0,0,0,1,b10,b1000,b0,b10000110111010101110011011101000110111101101101,b1110,b10000,b0,b1,b1,b1,1,0,1,0,0,b1010101,0,0,0,b1010101,b10,b100,b1000,b0,b10000110111010101110011011101000110111101101101,b1110,b10000,b0,b0,b1,b1,b11,b10,b1,b1,b10,b11,b0,b1110,0,b10,b0,b0,1,b10,b10101000
2180000,0,0,b0,0,0,1,b10,b1000,b0,b10000110111010101110011011101000110111101101101,b1110,b10000,b0,b1,b1,b1,0,0,1,0,0,b1010101,0,0,0,b1010101,b10,b100,b1000,b0,b10000110111010101110011011101000110111101101101,b1110,b10000,b0,b0,b1,b1,b11,b10,b1,b1,b10,b11,b0,b1110,0,b10,b0,b0,1,b10,b10101000
2190000,0,1,b0,1,0,1,b10,b1000,b0,b10000110111010101110011011101000110111101101101,b1110,b10000,b0,b1,b1,b1,1,0,1,0,0,b1010101,0,0,0,b1010101,b10,b100,b1000,b0,b10000110111010101110011011101000110111101101101,b1110,b10000,b0,b0,b1,b1,b11,b10,b1,b1,b10,b100,b1,b1110,1,b10,b0,b0,1,b10,b1010000
2200000,0,1,b0,1,0,1,b10,b1000,b0,b10000110111010101110011011101000110111101101101,b1110,b10000,b0,b1,b1,b1,0,0,1,0,0,b1010101,0,0,0,b1010101,b10,b100,b1000,b0,b10000110111010101110011011101000110111101101101,b1110,b10000,b0,b0,b1,b1,b11,b10,b1,b1,b10,b100,b1,b1110,1,b10,b0,b0,1,b10,b1010000
2210000,0,1,b0,1,0,1,b10,b1000,b0,b10000110111010101110011011101000110111101101101,b1110,b10000,b0,b1,b1,b1,1,0,1,0,0,b1010101,0,0,0,b1010101,b10,b100,b1000,b0,b10000110111010101110011011101000110111101101101,b1110,b10000,b0,b0,b1,b1,b11,b10,b1,b1,b10,b100,b0,b1110,1,b10,b0,b0,0,b10,b1010000
2220000,0,1,b0,1,0,1,b10,b1000,b0,b10000110111010101110011011101000110111101101101,b1110,b10000,b0,b1,b1,b1,0,0,1,0,0,b1010101,0,0,0,b1010101,b10,b100,b1000,b0,b10000110111010101110011011101000110111101101101,b1110,b10000,b0,b0,b1,b1,b11,b10,b1,b1,b10,b100,b0,b1110,1,b10,b0,b0,0,b10,b1010000
2230000,0,0,b0,1,0,1,b10,b1000,b0,b10000110111010101110011011101000110111101101101,b1110,b10000,b0,b1,b1,b1,1,0,1,0,0,b1010101,0,0,0,b1010101,b10,b100,b1000,b0,b10000110111010101110011011101000110111101101101,b1110,b10000,b0,b0,b1,b1,b11,b10,b1,b1,b10,b100,b1,b1110,0,b10,b0,b0,0,b10,b1010000
2240000,0,0,b0,1,0,1,b10,b1000,b0,b10000110111010101110011011101000110111101101101,b1110,b10000,b0,b1,b1,b1,0,0,1,0,0,b1010101,0,0,0,b1010101,b10,b100,b1000,b0,b10000110111010101110011011101000110111101101101,b1110,b10000,b0,b0,b1,b1,b11,b10,b1,b1,b10,b100,b1,b1110,0,b10,b0,b0,0,b10,b1010000
2250000,0,0,b0,1,0,1,b10,b1000,b0,b10000110111010101110011011101000110111101101101,b1110,b10000,b0,b1,b1,b1,1,0,1,0,0,b1010101,0,0,0,b1010101,b10,b100,b1000,b0,b10000110111010101110011011101000110111101101101,b1110,b10000,b0,b0,b1,b1,b11,b10,b1,b1,b10,b100,b0,b1110,0,b10,b0,b0,1,b10,b1010000
2260000,0,0,b0,1,0,1,b10,b1000,b0,b10000110111010101110011011101000110111101101101,b1110,b10000,b0,b1,b1,b1,0,0,1,0,0,b1010101,0,0,0,b1010101,b10,b100,b1000,b0,b10000110111010101110011011101000110111101101101,b1110,b10000,b0,b0,b1,b1,b11,b10,b1,b1,b10,b100,b0,b1110,0,b10,b0,b0,1,b10,b1010000
2270000,0,1,b0,0,0,1,b10,b1000,b0,b10000110111010101110011011101000110111101101101,b1110,b10000,b0,b1,b1,b1,1,0,1,0,0,b1010101,0,0,0,b1010101,b10,b100,b1000,b0,b10000110111010101110011011101000110111101101101,b1110,b10000,b0,b0,b1,b1,b11,b10,b1,b1,b10,b101,b1,b1110,1,b10,b0,b0,1,b10,b10100000
2280000,0,1,b0,0,0,1,b10,b1000,b0,b10000110111010101110011011101000110111101101101,b1110,b10000,b0,b1,b1,b1,0,0,1,0,0,b1010101,0,0,0,b1010101,b10,b100,b1000,b0,b10000110111010101110011011101000110111101101101,b1110,b10000,b0,b0,b1,b1,b11,b10,b1,b1,b10,b101,b1,b1110,1,b10,b0,b0,1,b10,b10100000
2290000,0,1,b0,0,0,1,b10,b1000,b0,b10000110111010101110011011101000110111101101101,b1110,b10000,b0,b1,b1,b1,1,0,1,0,0,b1010101,0,0,0,b1010101,b10,b100,b1000,b0,b10000110111010101110011011101000110111101101101,b1110,b10000,b0,b0,b1,b1,b11,b10,b1,b1,b10,b101,b0,b1110,1,b10,b0,b0,0,b10,b10100000
2300000,0,1,b0,0,0,1,b10,b1000,b0,b10000110111010101110011011101000110111101101101,b1110,b10000,b0,b1,b1,b1,0,0,1,0,0,b1010101,0,0,0,b1010101,b10,b100,b1000,b0,b10000110111010101110011011101000110111101101101,b1110,b10000,b0,b0,b1,b1,b11,b10,b1,b1,b10,b101,b0,b1110,1,b10,b0,b0,0,b10,b10100000
2310000,0,0,b0,0,0,1,b10,b1000,b0,b10000110111010101110011011101000110111101101101,b1110,b10000,b0,b1,b1,b1,1,0,1,0,0,b1010101,0,0,0,b1010101,b10,b100,b1000,b0,b10000110111010101110011011101000110111101101101,b1110,b10000,b0,b0,b1,b1,b11,b10,b1,b1,b10,b101,b1,b1110,0,b10,b0,b0,0,b10,b10100000
2320000,0,0,b0,0,0,1,b10,b1000,b0,b10000110111010101110011011101000110111101101101,b1110,b10000,b0,b1,b1,b1,0,0,1,0,0,b1010101,0,0,0,b1010101,b10,b100,b1000,b0,b10000110111010101110011011101000110111101101101,b1110,b10000,b0,b0,b1,b1,b11,b10,b1,b1,b10,b101,b1,b1110,0,b10,b0,b0,0,b10,b10100000
2330000,0,0,b0,0,0,1,b10,b1000,b0,b10000110111010101110011011101000110111101101101,b1110,b10000,b0,b1,b1,b1,1,0,1,0,0,b1010101,0,0,0,b1010101,b10,b100,b1000,b0,b10000110111010101110011011101000110111101101101,b1110,b10000,b0,b0,b1,b1,b11,b10,b1,b1,b10,b101,b0,b1110,0,b10,b0,b0,1,b10,b10100000
2340000,0,0,b0,0,0,1,b10,b1000,b0,b10000110111010101110011011101000110111101101101,b1110,b10000,b0,b1,b1,b1,0,0,1,0,0,b1010101,0,0,0,b1010101,b10,b100,b1000,b0,b10000110111010101110011011101000110111101101101,b1110,b10000,b0,b0,b1,b1,b11,b10,b1,b1,b10,b101,b0,b1110,0,b10,b0,b0,1,b10,b10100000
2350000,0,1,b0,1,0,1,b10,b1000,b0,b10000110111010101110011011101000110111101101101,b1110,b10000,b0,b1,b1,b1,1,0,1,0,0,b1010101,0,0,0,b1010101,b10,b100,b1000,b0,b10000110111010101110011011101000110111101101101,b1110,b10000,b0,b0,b1,b1,b11,b10,b1,b1,b10,b110,b1,b1110,1,b10,b0,b0,1,b10,b1000000
2360000,0,1,b0,1,0,1,b10,b1000,b0,b10000110111010101110011011101000110111101101101,b1110,b10000,b0,b1,b1,b1,0,0,1,0,0,b1010101,0,0,0,b1010101,b10,b100,b1000,b0,b10000110111010101110011011101000110111101101101,b1110,b10000,b0,b0,b1,b1,b11,b10,b1,b1,b10,b110,b1,b1110,1,b10,b0,b0,1,b10,b1000000
2370000,0,1,b0,1,0,1,b10,b1000,b0,b10000110111010101110011011101000110111101101101,b1110,b10000,b0,b1,b1,b1,1,0,1,0,0,b1010101,0,0,0,b1010101,b10,b100,b1000,b0,b10000110111010101110011011101000110111101101101,b1110,b10000,b0,b0,b1,b1,b11,b10,b1,b1,b10,b110,b0,b1110,1,b10,b0,b0,0,b10,b1000000
2380000,0,1,b0,1,0,1,b10,b1000,b0,b10000110111010101110011011101000110111101101101,b1110,b10000,b0,b1,b1,b1,0,0,1,0,0,b1010101,0,0,0,b1010101,b10,b100,b1000,b0,b10000110111010101110011011101000110111101101101,b1110,b10000,b0,b0,b1,b1,b11,b10,b1,b1,b10,b110,b0,b1110,1,b10,b0,b0,0,b10,b1000000
2390000,0,0,b0,1,0,1,b10,b1000,b0,b10000110111010101110011011101000110111101101101,b1110,b10000,b0,b1,b1,b1,1,0,1,0,0,b1010101,0,0,0,b1010101,b10,b100,b1000,b0,b10000110111010101110011011101000110111101101101,b1110,b10000,b0,b0,b1,b1,b11,b10,b1,b1,b10,b110,b1,b1110,0,b10,b0,b0,0,b10,b1000000
2400000,0,0,b0,1,0,1,b10,b1000,b0,b10000110111010101110011011101000110111101101101,b1110,b10000,b0,b1,b1,b1,0,0,1,0,0,b1010101,0,0,0,b1010101,b10,b100,b1000,b0,b10000110111010101110011011101000110111101101101,b1110,b10000,b0,b0,b1,b1,b11,b10,b1,b1,b10,b110,b1,b1110,0,b10,b0,b0,0,b10,b1000000
2410000,0,0,b0,1,0,1,b10,b1000,b0,b10000110111010101110011011101000110111101101101,b1110,b10000,b0,b1,b1,b1,1,0,1,0,0,b1010101,0,0,0,b1010101,b10,b100,b1000,b0,b10000110111010101110011011101000110111101101101,b1110,b10000,b0,b0,b1,b1,b11,b10,b1,b1,b10,b110,b0,b1110,0,b10,b0,b0,1,b10,b1000000
2420000,0,0,b0,1,0,1,b10,b1000,b0,b10000110111010101110011011101000110111101101101,b1110,b10000,b0,b1,b1,b1,0,0,1,0,0,b1010101,0,0,0,b1010101,b10,b100,b1000,b0,b10000110111010101110011011101000110111101101101,b1110,b10000,b0,b0,b1,b1,b11,b10,b1,b1,b10,b110,b0,b1110,0,b10,b0,b0,1,b10,b1000000
2430000,0,1,b0,0,0,1,b10,b1000,b0,b10000110111010101110011011101000110111101101101,b1110,b10000,b0,b1,b1,b1,1,0,1,0,0,b1010101,0,0,0,b1010101,b10,b100,b1000,b0,b10000110111010101110011011101000110111101101101,b1110,b10000,b0,b0,b1,b1,b11,b10,b1,b1,b10,b111,b1,b1110,1,b10,b0,b0,1,b10,b10000000
2440000,0,1,b0,0,0,1,b10,b1000,b0,b10000110111010101110011011101000110111101101101,b1110,b10000,b0,b1,b1,b1,0,0,1,0,0,b1010101,0,0,0,b1010101,b10,b100,b1000,b0,b10000110111010101110011011101000110111101101101,b1110,b10000,b0,b0,b1,b1,b11,b10,b1,b1,b10,b111,b1,b1110,1,b10,b0,b0,1,b10,b10000000
2450000,0,1,b0,0,0,1,b10,b1000,b0,b10000110111010101110011011101000110111101101101,b1110,b10000,b0,b1,b1,b1,1,0,1,0,0,b1010101,0,0,0,b1010101,b10,b100,b1000,b0,b10000110111010101110011011101000110111101101101,b1110,b10000,b0,b0,b1,b1,b11,b10,b1,b1,b10,b111,b0,b1110,1,b10,b0,b0,0,b10,b10000000
2460000,0,1,b0,0,0,1,b10,b1000,b0,b10000110111010101110011011101000110111101101101,b1110,b10000,b0,b1,b1,b1,0,0,1,0,0,b1010101,0,0,0,b1010101,b10,b100,b1000,b0,b10000110111010101110011011101000110111101101101,b1110,b10000,b0,b0,b1,b1,b11,b10,b1,b1,b10,b111,b0,b1110,1,b10,b0,b0,0,b10,b10000000
2470000,0,0,b0,0,0,1,b10,b1000,b0,b10000110111010101110011011101000110111101101101,b1110,b10000,b0,b1,b1,b1,1,0,1,0,0,b1010101,0,0,0,b1010101,b10,b100,b1000,b0,b10000110111010101110011011101000110111101101101,b1110,b10000,b0,b0,b1,b1,b11,b10,b1,b1,b10,b111,b1,b1110,0,b10,b0,b0,0,b10,b10000000
2480000,0,0,b0,0,0,1,b10,b1000,b0,b10000110111010101110011011101000110111101101101,b1110,b10000,b0,b1,b1,b1,0,0,1,0,0,b1010101,0,0,0,b1010101,b10,b100,b1000,b0,b10000110111010101110011011101000110111101101101,b1110,b10000,b0,b0,b1,b1,b11,b10,b1,b1,b10,b111,b1,b1110,0,b10,b0,b0,0,b10,b10000000
2490000,0,0,b0,0,0,1,b10,b1000,b0,b10000110111010101110011011101000110111101101101,b1110,b10000,b0,b1,b1,b1,1,0,1,0,0,b1010101,0,0,0,b1010101,b10,b100,b1000,b0,b10000110111010101110011011101000110111101101101,b1110,b10000,b0,b0,b1,b1,b11,b10,b1,b1,b10,b111,b0,b1110,0,b10,b0,b0,1,b10,b10000000
2500000,0,0,b0,0,0,1,b10,b1000,b0,b10000110111010101110011011101000110111101101101,b1110,b10000,b0,b1,b1,b1,0,0,1,0,0,b1010101,0,0,0,b1010101,b10,b100,b1000,b0,b10000110111010101110011011101000110111101101101,b1110,b10000,b0,b0,b1,b1,b11,b10,b1,b1,b10,b111,b0,b1110,0,b10,b0,b0,1,b10,b10000000
2510000,0,1,b0,1,0,1,b10,b1000,b0,b10000110111010101110011011101000110111101101101,b1110,b10000,b0,b1,b1,b1,1,0,1,0,0,b1010101,0,0,0,b1010101,b10,b100,b1000,b0,b10000110111010101110011011101000110111101101101,b1110,b10000,b0,b0,b1,b1,b11,b10,b1,b1,b10,b1000,b1,b1110,1,b100,b0,b0,1,b10,b0
2520000,0,1,b0,1,0,1,b10,b1000,b0,b10000110111010101110011011101000110111101101101,b1110,b10000,b0,b1,b1,b1,0,0,1,0,0,b1010101,0,0,0,b1010101,b10,b100,b1000,b0,b10000110111010101110011011101000110111101101101,b1110,b10000,b0,b0,b1,b1,b11,b10,b1,b1,b10,b1000,b1,b1110,1,b100,b0,b0,1,b10,b0
2530000,1,1,b0,1,1,0,b10,b1000,b0,b10000110111010101110011011101000110111101101101,b1110,b10000,b0,b1,b1,b1,1,0,1,0,1,b11110000,0,0,0,b11110000,b10,b100,b1000,b0,b10000110111010101110011011101000110111101101101,b1110,b10000,b0,b0,b1,b1,b11,b10,b1,b1,b10,b1000,b0,b1110,1,b0,b0,b0,0,b100,b0
2540000,1,1,b0,1,1,0,b10,b1000,b0,b10000110111010101110011011101000110111101101101,b1110,b10000,b0,b1,b1,b1,0,0,1,0,1,b11110000,0,0,0,b11110000,b10,b100,b1000,b0,b10000110111010101110011011101000110111101101101,b1110,b10000,b0,b0,b1,b1,b11,b10,b1,b1,b10,b1000,b0,b1110,1,b0,b0,b0,0,b100,b0
2550000,1,0,b0,1,0,0,b10,b1000,b0,b10000110111010101110011011101000110111101101101,b1110,b10000,b0,b1,b1,b1,1,0,1,0,1,b11110000,0,0,0,b11110000,b10,b100,b1000,b0,b10000110111010101110011011101000110111101101101,b1110,b10000,b0,b0,b1,b1,b11,b10,b1,b1,b10,b1000,b0,b1110,0,b1,b0,b0,0,b0,b0
2560000,1,0,b0,1,0,0,b10,b1000,b0,b10000110111010101110011011101000110111101101101,b1110,b10000,b0,b1,b1,b1,0,0,1,0,1,b10101011,0,0,0,b10101011,b10,b100,b1000,b0,b10000110111010101110011011101000110111101101101,b1110,b10000,b0,b0,b1,b1,b11,b10,b1,b1,b10,b1000,b0,b1110,0,b1,b0,b0,0,b0,b0
2570000,0,0,b0,1,0,1,b10,b1000,b0,b10000110111010101110011011101000110111101101101,b1110,b10000,b0,b1,b1,b1,1,0,1,0,1,b10101011,0,0,0,b10101011,b10,b100,b1000,b0,b10000110111010101110011011101000110111101101101,b1110,b10000,b0,b0,b1,b1,b11,b10,b1,b1,b10,b1000,b0,b1110,0,b10,b0,b0,0,b1,b0
2580000,0,0,b0,1,0,1,b10,b1000,b0,b10000110111010101110011011101000110111101101101,b1110,b10000,b0,b1,b1,b1,0,0,1,0,1,b10101011,0,0,0,b10101011,b10,b100,b1000,b0,b10000110111010101110011011101000110111101101101,b1110,b10000,b0,b0,b1,b1,b11,b10,b1,b1,b10,b1000,b0,b1110,0,b10,b0,b0,0,b1,b0
2590000,0,0,b0,1,0,1,b10,b1000,b0,b10000110111010101110011011101000110111101101101,b1110,b10000,b0,b1,b1,b1,1,0,1,0,0,b10101011,0,0,0,b10101011,b10,b100,b1000,b0,b10000110111010101110011011101000110111101101101,b1110,b10000,b0,b0,b1,b1,b11,b10,b1,b1,b10,b0,b0,b1110,0,b10,b0,b0,0,b10,b10101011
2600000,0,0,b0,1,0,1,b10,b1000,b0,b10000110111010101110011011101000110111101101101,b1110,b10000,b0,b1,b1,b1,0,0,1,0,0,b10101011,0,0,0,b10101011,b10,b100,b1000,b0,b10000110111010101110011011101000110111101101101,b1110,b10000,b0,b0,b1,b1,b11,b10,b1,b1,b10,b0,b0,b1110,0,b10,b0,b0,0,b10,b10101011
2610000,0,0,b0,1,0,1,b10,b1000,b0,b10000110111010101110011011101000110111101101101,b1110,b10000,b0,b1,b1,b1,1,0,1,0,0,b10101011,0,0,0,b10101011,b10,b100,b1000,b0,b10000110111010101110011011101000110111101101101,b1110,b10000,b0,b0,b1,b1,b11,b10,b1,b1,b10,b0,b1,b1110,0,b10,b0,b0,0,b10,b10101011
2620000,0,0,b0,1,0,1,b10,b1000,b0,b10000110111010101110011011101000110111101101101,b1110,b10000,b0,b1,b1,b1,0,0,1,0,0,b10101011,0,0,0,b10101011,b10,b100,b1000,b0,b10000110111010101110011011101000110111101101101,b1110,b10000,b0,b0,b1,b1,b11,b10,b1,b1,b10,b0,b1,b1110,0,b10,b0,b0,0,b10,b10101011
2630000,0,0,b0,1,0,1,b10,b1000,b0,b10000110111010101110011011101000110111101101101,b1110,b10000,b0,b1,b1,b1,1,0,1,0,0,b10101011,0,0,0,b10101011,b10,b100,b1000,b0,b10000110111010101110011011101000110111101101101,b1110,b10000,b0,b0,b1,b1,b11,b10,b1,b1,b10,b0,b0,b1110,0,b10,b0,b0,1,b10,b10101011
2640000,0,0,b0,1,0,1,b10,b1000,b0,b10000110111010101110011011101000110111101101101,b1110,b10000,b0,b1,b1,b1,0,0,1,0,0,b10101011,0,0,0,b10101011,b10,b100,b1000,b0,b10000110111010101110011011101000110111101101101,b1110,b10000,b0,b0,b1,b1,b11,b10,b1,b1,b10,b0,b0,b1110,0,b10,b0,b0,1,b10,b10101011
2650000,0,1,b0,1,0,1,b10,b1000,b0,b10000110111010101110011011101000110111101101101,b1110,b10000,b0,b1,b1,b1,1,0,1,0,0,b10101011,0,0,0,b10101011,b10,b100,b1000,b0,b10000110111010101110011011101000110111101101101,b1110,b10000,b0,b0,b1,b1,b11,b10,b1,b1,b10,b1,b1,b1110,1,b10,b0,b0,1,b10,b1010110
2660000,0,1,b0,1,0,1,b10,b1000,b0,b10000110111010101110011011101000110111101101101,b1110,b10000,b0,b1,b1,b1,0,0,1,0,0,b10101011,0,0,0,b10101011,b10,b100,b1000,b0,b10000110111010101110011011101000110111101101101,b1110,b10000,b0,b0,b1,b1,b11,b10,b1,b1,b10,b1,b1,b1110,1,b10,b0,b0,1,b10,b1010110
2670000,0,1,b0,1,0,1,b10,b1000,b0,b10000110111010101110011011101000110111101101101,b1110,b10000,b0,b1,b1,b1,1,0,1,0,0,b10101011,0,0,0,b10101011,b10,b100,b1000,b0,b10000110111010101110011011101000110111101101101,b1110,b10000,b0,b0,b1,b1,b11,b10,b1,b1,b10,b1,b0,b1110,1,b10,b0,b0,0,b10,b1010110
2680000,0,1,b0,1,0,1,b10,b1000,b0,b10000110111010101110011011101000110111101101101,b1110,b10000,b0,b1,b1,b1,0,0,1,0,0,b10101011,0,0,0,b10101011,b10,b100,b1000,b0,b10000110111010101110011011101000110111101101101,b1110,b10000,b0,b0,b1,b1,b11,b10,b1,b1,b10,b1,b0,b1110,1,b10,b0,b0,0,b10,b1010110
2690000,0,0,b0,1,0,1,b10,b1000,b0,b10000110111010101110011011101000110111101101101,b1110,b10000,b0,b1,b1,b1,1,0,1,0,0,b10101011,0,0,0,b10101011,b10,b100,b1000,b0,b10000110111010101110011011101000110111101101101,b1110,b10000,b0,b0,b1,b1,b11,b10,b1,b1,b10,b1,b1,b1110,0,b10,b0,b0,0,b10,b1010110
2700000,0,0,b0,1,0,1,b10,b1000,b0,b10000110111010101110011011101000110111101101101,b1110,b10000,b0,b1,b1,b1,0,0,1,0,0,b10101011,0,0,0,b10101011,b10,b100,b1000,b0,b10000110111010101110011011101000110111101101101,b1110,b10000,b0,b0,b1,b1,b11,b10,b1,b1,b10,b1,b1,b1110,0,b10,b0,b0,0,b10,b1010110
2710000,0,0,b0,1,0,1,b10,b1000,b0,b10000110111010101110011011101000110111101101101,b1110,b10000,b0,b1,b1,b1,1,0,1,0,0,b10101011,0,0,0,b10101011,b10,b100,b1000,b0,b10000110111010101110011011101000110111101101101,b1110,b10000,b0,b0,b1,b1,b11,b10,b1,b1,b10,b1,b0,b1110,0,b10,b0,b0,1,b10,b1010110
2720000,0,0,b0,1,0,1,b10,b1000,b0,b10000110111010101110011011101000110111101101101,b1110,b10000,b0,b1,b1,b1,0,0,1,0,0,b10101011,0,0,0,b10101011,b10,b100,b1000,b0,b10000110111010101110011011101000110111101101101,b1110,b10000,b0,b0,b1,b1,b11,b10,b1,b1,b10,b1,b0,b1110,0,b10,b0,b0,1,b10,b1010110
2730000,0,1,b0,0,0,1,b10,b1000,b0,b10000110111010101110011011101000110111101101101,b1110,b10000,b0,b1,b1,b1,1,0,1,0,0,b10101011,0,0,0,b10101011,b10,b100,b1000,b0,b10000110111010101110011011101000110111101101101,b1110,b10000,b0,b0,b1,b1,b11,b10,b1,b1,b10,b10,b1,b1110,1,b10,b0,b0,1,b10,b10101100
2740000,0,1,b0,0,0,1,b10,b1000,b0,b10000110111010101110011011101000110111101101101,b1110,b10000,b0,b1,b1,b1,0,0,1,0,0,b10101011,0,0,0,b10101011,b10,b100,b1000,b0,b10000110111010101110011011101000110111101101101,b1110,b10000,b0,b0,b1,b1,b11,b10,b1,b1,b10,b10,b1,b1110,1,b10,b0,b0,1,b10,b10101100
2750000,0,1,b0,0,0,1,b10,b1000,b0,b10000110111010101110011011101000110111101101101,b1110,b10000,b0,b1,b1,b1,1,0,1,0,0,b10101011,0,0,0,b10101011,b10,b100,b1000,b0,b10000110111010101110011011101000110111101101101,b1110,b10000,b0,b0,b1,b1,b11,b10,b1,b1,b10,b10,b0,b1110,1,b10,b0,b0,0,b10,b10101100
2760000,0,1,b0,0,0,1,b10,b1000,b0,b10000110111010101110011011101000110111101101101,b1110,b10000,b0,b1,b1,b1,0,0,1,0,0,b10101011,0,0,0,b10101011,b10,b100,b1000,b0,b10000110111010101110011011101000110111101101101,b1110,b10000,b0,b0,b1,b1,b11,b10,b1,b1,b10,b10,b0,b1110,1,b10,b0,b0,0,b10,b10101100
2770000,0,0,b0,0,0,1,b10,b1000,b0,b10000110111010101110011011101000110111101101101,b1110,b10000,b0,b1,b1,b1,1,0,1,0,0,b10101011,0,0,0,b10101011,b10,b100,b1000,b0,b10000110111010101110011011101000110111101101101,b1110,b10000,b0,b0,b1,b1,b11,b10,b1,b1,b10,b10,b1,b1110,0,b10,b0,b0,0,b10,b10101100
2780000,0,0,b0,0,0,1,b10,b1000,b0,b10000110111010101110011011101000110111101101101,b1110,b10000,b0,b1,b1,b1,0,0,1,0,0,b10101011,0,0,0,b10101011,b10,b100,b1000,b0,b10000110111010101110011011101000110111101101101,b1110,b10000,b0,b0,b1,b1,b11,b10,b1,b1,b10,b10,b1,b1110,0,b10,b0,b0,0,b10,b10101100
2790000,0,0,b0,0,0,1,b10,b1000,b0,b10000110111010101110011011101000110111101101101,b1110,b10000,b0,b1,b1,b1,1,0,1,0,0,b10101011,0,0,0,b10101011,b10,b100,b1000,b0,b10000110111010101110011011101000110111101101101,b1110,b10000,b0,b0,b1,b1,b11,b10,b1,b1,b10,b10,b0,b1110,0,b10,b0,b0,1,b10,b10101100
2800000,0,0,b0,0,0,1,b10,b1000,b0,b10000110111010101110011011101000110111101101101,b1110,b10000,b0,b1,b1,b1,0,0,1,0,0,b10101011,0,0,0,b10101011,b10,b100,b1000,b0,b10000110111010101110011011101000110111101101101,b1110,b10000,b0,b0,b1,b1,b11,b10,b1,b1,b10,b10,b0,b1110,0,b10,b0,b0,1,b10,b10101100
2810000,0,1,b0,1,0,1,b10,b1000,b0,b10000110111010101110011011101000110111101101101,b1110,b10000,b0,b1,b1,b1,1,0,1,0,0,b10101011,0,0,0,b10101011,b10,b100,b1000,b0,b10000110111010101110011011101000110111101101101,b1110,b10000,b0,b0,b1,b1,b11,b10,b1,b1,b10,b11,b1,b1110,1,b10,b0,b0,1,b10,b1011000
2820000,0,1,b0,1,0,1,b10,b1000,b0,b10000110111010101110011011101000110111101101101,b1110,b10000,b0,b1,b1,b1,0,0,1,0,0,b10101011,0,0,0,b10101011,b10,b100,b1000,b0,b10000110111010101110011011101000110111101101101,b1110,b10000,b0,b0,b1,b1,b11,b10,b1,b1,b10,b11,b1,b1110,1,b10,b0,b0,1,b10,b1011000
2830000,0,1,b0,1,0,1,b10,b1000,b0,b10000110111010101110011011101000110111101101101,b1110,b10000,b0,b1,b1,b1,1,0,1,0,0,b10101011,0,0,0,b10101011,b10,b100,b1000,b0,b10000110111010101110011011101000110111101101101,b1110,b10000,b0,b0,b1,b1,b11,b10,b1,b1,b10,b11,b0,b1110,1,b10,b0,b0,0,b10,b1011000
2840000,0,1,b0,1,0,1,b10,b1000,b0,b10000110111010101110011011101000110111101101101,b1110,b10000,b0,b1,b1,b1,0,0,1,0,0,b10101011,0,0,0,b10101011,b10,b100,b1000,b0,b10000110111010101110011011101000110111101101101,b1110,b10000,b0,b0,b1,b1,b11,b10,b1,b1,b10,b11,b0,b1110,1,b10,b0,b0,0,b10,b1011000
2850000,0,0,b0,1,0,1,b10,b1000,b0,b10000110111010101110011011101000110111101101101,b1110,b10000,b0,b1,b1,b1,1,0,1,0,0,b10101011,0,0,0,b10101011,b10,b100,b1000,b0,b10000110111010101110011011101000110111101101101,b1110,b10000,b0,b0,b1,b1,b11,b10,b1,b1,b10,b11,b1,b1110,0,b10,b0,b0,0,b10,b1011000
2860000,0,0,b0,1,0,1,b10,b1000,b0,b10000110111010101110011011101000110111101101101,b1110,b10000,b0,b1,b1,b1,0,0,1,0,0,b10101011,0,0,0,b10101011,b10,b100,b1000,b0,b10000110111010101110011011101000110111101101101,b1110,b10000,b0,b0,b1,b1,b11,b10,b1,b1,b10,b11,b1,b1110,0,b10,b0,b0,0,b10,b1011000
2870000,0,0,b0,1,0,1,b10,b1000,b0,b10000110111010101110011011101000110111101101101,b1110,b10000,b0,b1,b1,b1,1,0,1,0,0,b10101011,0,0,0,b10101011,b10,b100,b1000,b0,b10000110111010101110011011101000110111101101101,b1110,b10000,b0,b0,b1,b1,b11,b10,b1,b1,b10,b11,b0,b1110,0,b10,b0,b0,1,b10,b1011000
2880000,0,0,b0,1,0,1,b10,b1000,b0,b10000110111010101110011011101000110111101101101,b1110,b10000,b0,b1,b1,b1,0,0,1,0,0,b10101011,0,0,0,b10101011,b10,b100,b1000,b0,b10000110111010101110011011101000110111101101101,b1110,b10000,b0,b0,b1,b1,b11,b10,b1,b1,b10,b11,b0,b1110,0,b10,b0,b0,1,b10,b1011000
2890000,0,1,b0,0,0,1,b10,b1000,b0,b10000110111010101110011011101000110111101101101,b1110,b10000,b0,b1,b1,b1,1,0,1,0,0,b10101011,0,0,0,b10101011,b10,b100,b1000,b0,b10000110111010101110011011101000110111101101101,b1110,b10000,b0,b0,b1,b1,b11,b10,b1,b1,b10,b100,b1,b1110,1,b10,b0,b0,1,b10,b10110000
2900000,0,1,b0,0,0,1,b10,b1000,b0,b10000110111010101110011011101000110111101101101,b1110,b10000,b0,b1,b1,b1,0,0,1,0,0,b10101011,0,0,0,b10101011,b10,b100,b1000,b0,b10000110111010101110011011101000110111101101101,b1110,b10000,b0,b0,b1,b1,b11,b10,b1,b1,b10,b100,b1,b1110,1,b10,b0,b0,1,b10,b10110000
2910000,0,1,b0,0,0,1,b10,b1000,b0,b10000110111010101110011011101000110111101101101,b1110,b10000,b0,b1,b1,b1,1,0,1,0,0,b10101011,0,0,0,b10101011,b10,b100,b1000,b0,b10000110111010101110011011101000110111101101101,b1110,b10000,b0,b0,b1,b1,b11,b10,b1,b1,b10,b100,b0,b1110,1,b10,b0,b0,0,b10,b10110000
2920000,0,1,b0,0,0,1,b10,b1000,b0,b10000110111010101110011011101000110111101101101,b1110,b10000,b0,b1,b1,b1,0,0,1,0,0,b10101011,0,0,0,b10101011,b10,b100,b1000,b0,b10000110111010101110011011101000110111101101101,b1110,b10000,b0,b0,b1,b1,b11,b10,b1,b1,b10,b100,b0,b1110,1,b10,b0,b0,0,b10,b10110000
2930000,0,0,b0,0,0,1,b10,b1000,b0,b10000110111010101110011011101000110111101101101,b1110,b10000,b0,b1,b1,b1,1,0,1,0,0,b10101011,0,0,0,b10101011,b10,b100,b1000,b0,b10000110111010101110011011101000110111101101101,b1110,b10000,b0,b0,b1,b1,b11,b10,b1,b1,b10,b100,b1,b1110,0,b10,b0,b0,0,b10,b10110000
2940000,0,0,b0,0,0,1,b10,b1000,b0,b10000110111010101110011011101000110111101101101,b1110,b10000,b0,b1,b1,b1,0,0,1,0,0,b10101011,0,0,0,b10101011,b10,b100,b1000,b0,b10000110111010101110011011101000110111101101101,b1110,b10000,b0,b0,b1,b1,b11,b10,b1,b1,b10,b100,b1,b1110,0,b10,b0,b0,0,b10,b10110000
2950000,0,0,b0,0,0,1,b10,b1000,b0,b10000110111010101110011011101000110111101101101,b1110,b10000,b0,b1,b1,b1,1,0,1,0,0,b10101011,0,0,0,b10101011,b10,b100,b1000,b0,b10000110111010101110011011101000110111101101101,b1110,b10000,b0,b0,b1,b1,b11,b10,b1,b1,b10,b100,b0,b1110,0,b10,b0,b0,1,b10,b10110000
2960000,0,0,b0,0,0,1,b10,b1000,b0,b10000110111010101110011011101000110111101101101,b1110,b10000,b0,b1,b1,b1,0,0,1,0,0,b10101011,0,0,0,b10101011,b10,b100,b1000,b0,b10000110111010101110011011101000110111101101101,b1110,b10000,b0,b0,b1,b1,b11,b10,b1,b1,b10,b100,b0,b1110,0,b10,b0,b0,1,b10,b10110000
2970000,0,1,b0,1,0,1,b10,b1000,b0,b10000110111010101110011011101000110111101101101,b1110,b10000,b0,b1,b1,b1,1,0,1,0,0,b10101011,0,0,0,b10101011,b10,b100,b1000,b0,b10000110111010101110011011101000110111101101101,b1110,b10000,b0,b0,b1,b1,b11,b10,b1,b1,b10,b101,b1,b1110,1,b10,b0,b0,1,b10,b1100000
2980000,0,1,b0,1,0,1,b10,b1000,b0,b10000110111010101110011011101000110111101101101,b1110,b10000,b0,b1,b1,b1,0,0,1,0,0,b10101011,0,0,0,b10101011,b10,b100,b1000,b0,b10000110111010101110011011101000110111101101101,b1110,b10000,b0,b0,b1,b1,b11,b10,b1,b1,b10,b101,b1,b1110,1,b10,b0,b0,1,b10,b1100000
2990000,0,1,b0,1,0,1,b10,b1000,b0,b10000110111010101110011011101000110111101101101,b1110,b10000,b0,b1,b1,b1,1,0,1,0,0,b10101011,0,0,0,b10101011,b10,b100,b1000,b0,b10000110111010101110011011101000110111101101101,b1110,b10000,b0,b0,b1,b1,b11,b10,b1,b1,b10,b101,b0,b1110,1,b10,b0,b0,0,b10,b1100000
3000000,0,1,b0,1,0,1,b10,b1000,b0,b10000110111010101110011011101000110111101101101,b1110,b10000,b0,b1,b1,b1,0,0,1,0,0,b10101011,0,0,0,b10101011,b10,b100,b1000,b0,b10000110111010101110011011101000110111101101101,b1110,b10000,b0,b0,b1,b1,b11,b10,b1,b1,b10,b101,b0,b1110,1,b10,b0,b0,0,b10,b1100000
3010000,0,0,b0,1,0,1,b10,b1000,b0,b10000110111010101110011011101000110111101101101,b1110,b10000,b0,b1,b1,b1,1,0,1,0,0,b10101011,0,0,0,b10101011,b10,b100,b1000,b0,b10000110111010101110011011101000110111101101101,b1110,b10000,b0,b0,b1,b1,b11,b10,b1,b1,b10,b101,b1,b1110,0,b10,b0,b0,0,b10,b1100000
3020000,0,0,b0,1,0,1,b10,b1000,b0,b10000110111010101110011011101000110111101101101,b1110,b10000,b0,b1,b1,b1,0,0,1,0,0,b10101011,0,0,0,b10101011,b10,b100,b1000,b0,b10000110111010101110011011101000110111101101101,b1110,b10000,b0,b0,b1,b1,b11,b10,b1,b1,b10,b101,b1,b1110,0,b10,b0,b0,0,b10,b1100000
3030000,0,0,b0,1,0,1,b10,b1000,b0,b10000110111010101110011011101000110111101101101,b1110,b10000,b0,b1,b1,b1,1,0,1,0,0,b10101011,0,0,0,b10101011,b10,b100,b1000,b0,b10000110111010101110011011101000110111101101101,b1110,b10000,b0,b0,b1,b1,b11,b10,b1,b1,b10,b101,b0,b1110,0,b10,b0,b0,1,b10,b1100000
3040000,0,0,b0,1,0,1,b10,b1000,b0,b10000110111010101110011011101000110111101101101,b1110,b10000,b0,b1,b1,b1,0,0,1,0,0,b10101011,0,0,0,b10101011,b10,b100,b1000,b0,b10000110111010101110011011101000110111101101101,b1110,b10000,b0,b0,b1,b1,b11,b10,b1,b1,b10,b101,b0,b1110,0,b10,b0,b0,1,b10,b1100000
3050000,0,1,b0,0,0,1,b10,b1000,b0,b10000110111010101110011011101000110111101101101,b1110,b10000,b0,b1,b1,b1,1,0,1,0,0,b10101011,0,0,0,b10101011,b10,b100,b1000,b0,b10000110111010101110011011101000110111101101101,b1110,b10000,b0,b0,b1,b1,b11,b10,b1,b1,b10,b110,b1,b1110,1,b10,b0,b0,1,b10,b11000000
3060000,0,1,b0,0,0,1,b10,b1000,b0,b10000110111010101110011011101000110111101101101,b1110,b10000,b0,b1,b1,b1,0,0,1,0,0,b10101011,0,0,0,b10101011,b10,b100,b1000,b0,b10000110111010101110011011101000110111101101101,b1110,b10000,b0,b0,b1,b1,b11,b10,b1,b1,b10,b110,b1,b1110,1,b10,b0,b0,1,b10,b11000000
3070000,0,1,b0,0,0,1,b10,b1000,b0,b10000110111010101110011011101000110111101101101,b1110,b10000,b0,b1,b1,b1,1,0,1,0,0,b10101011,0,0,0,b10101011,b10,b100,b1000,b0,b10000110111010101110011011101000110111101101101,b1110,b10000,b0,b0,b1,b1,b11,b10,b1,b1,b10,b110,b0,b1110,1,b10,b0,b0,0,b10,b11000000
3080000,0,1,b0,0,0,1,b10,b1000,b0,b10000110111010101110011011101000110111101101101,b1110,b10000,b0,b1,b1,b1,0,0,1,0,0,b10101011,0,0,0,b10101011,b10,b100,b1000,b0,b10000110111010101110011011101000110111101101101,b1110,b10000,b0,b0,b1,b1,b11,b10,b1,b1,b10,b110,b0,b1110,1,b10,b0,b0,0,b10,b11000000
3090000,0,0,b0,0,0,1,b10,b1000,b0,b10000110111010101110011011101000110111101101101,b1110,b10000,b0,b1,b1,b1,1,0,1,0,0,b10101011,0,0,0,b10101011,b10,b100,b1000,b0,b10000110111010101110011011101000110111101101101,b1110,b10000,b0,b0,b1,b1,b11,b10,b1,b1,b10,b110,b1,b1110,0,b10,b0,b0,0,b10,b11000000
3100000,0,0,b0,0,0,1,b10,b1000,b0,b10000110111010101110011011101000110111101101101,b1110,b10000,b0,b1,b1,b1,0,0,1,0,0,b10101011,0,0,0,b10101011,b10,b100,b1000,b0,b10000110111010101110011011101000110111101101101,b1110,b10000,b0,b0,b1,b1,b11,b10,b1,b1,b10,b110,b1,b1110,0,b10,b0,b0,0,b10,b11000000
3110000,0,0,b0,0,0,1,b10,b1000,b0,b10000110111010101110011011101000110111101101101,b1110,b10000,b0,b1,b1,b1,1,0,1,0,0,b10101011,0,0,0,b10101011,b10,b100,b1000,b0,b10000110111010101110011011101000110111101101101,b1110,b10000,b0,b0,b1,b1,b11,b10,b1,b1,b10,b110,b0,b1110,0,b10,b0,b0,1,b10,b11000000
3120000,0,0,b0,0,0,1,b10,b1000,b0,b10000110111010101110011011101000110111101101101,b1110,b10000,b0,b1,b1,b1,0,0,1,0,0,b10101011,0,0,0,b10101011,b10,b100,b1000,b0,b10000110111010101110011011101000110111101101101,b1110,b10000,b0,b0,b1,b1,b11,b10,b1,b1,b10,b110,b0,b1110,0,b10,b0,b0,1,b10,b11000000
3130000,0,1,b0,1,0,1,b10,b1000,b0,b10000110111010101110011011101000110111101101101,b1110,b10000,b0,b1,b1,b1,1,0,1,0,0,b10101011,0,0,0,b10101011,b10,b100,b1000,b0,b10000110111010101110011011101000110111101101101,b1110,b10000,b0,b0,b1,b1,b11,b10,b1,b1,b10,b111,b1,b1110,1,b10,b0,b0,1,b10,b10000000
3140000,0,1,b0,1,0,1,b10,b1000,b0,b10000110111010101110011011101000110111101101101,b1110,b10000,b0,b1,b1,b1,0,0,1,0,0,b10101011,0,0,0,b10101011,b10,b100,b1000,b0,b10000110111010101110011011101000110111101101101,b1110,b10000,b0,b0,b1,b1,b11,b10,b1,b1,b10,b111,b1,b1110,1,b10,b0,b0,1,b10,b10000000
3150000,0,1,b0,1,0,1,b10,b1000,b0,b10000110111010101110011011101000110111101101101,b1110,b10000,b0,b1,b1,b1,1,0,1,0,0,b10101011,0,0,0,b10101011,b10,b100,b1000,b0,b10000110111010101110011011101000110111101101101,b1110,b10000,b0,b0,b1,b1,b11,b10,b1,b1,b10,b111,b0,b1110,1,b10,b0,b0,0,b10,b10000000
3160000,0,1,b0,1,0,1,b10,b1000,b0,b10000110111010101110011011101000110111101101101,b1110,b10000,b0,b1,b1,b1,0,0,1,0,0,b10101011,0,0,0,b10101011,b10,b100,b1000,b0,b10000110111010101110011011101000110111101101101,b1110,b10000,b0,b0,b1,b1,b11,b10,b1,b1,b10,b111,b0,b1110,1,b10,b0,b0,0,b10,b10000000
3170000,0,0,b0,1,0,1,b10,b1000,b0,b10000110111010101110011011101000110111101101101,b1110,b10000,b0,b1,b1,b1,1,0,1,0,0,b10101011,0,0,0,b10101011,b10,b100,b1000,b0,b10000110111010101110011011101000110111101101101,b1110,b10000,b0,b0,b1,b1,b11,b10,b1,b1,b10,b111,b1,b1110,0,b10,b0,b0,0,b10,b10000000
3180000,0,0,b0,1,0,1,b10,b1000,b0,b10000110111010101110011011101000110111101101101,b1110,b10000,b0,b1,b1,b1,0,0,1,0,0,b10101011,0,0,0,b10101011,b10,b100,b1000,b0,b10000110111010101110011011101000110111101101101,b1110,b10000,b0,b0,b1,b1,b11,b10,b1,b1,b10,b111,b1,b1110,0,b10,b0,b0,0,b10,b10000000
3190000,0,0,b0,1,0,1,b10,b1000,b0,b10000110111010101110011011101000110111101101101,b1110,b10000,b0,b1,b1,b1,1,0,1,0,0,b10101011,0,0,0,b10101011,b10,b100,b1000,b0,b10000110111010101110011011101000110111101101101,b1110,b10000,b0,b0,b1,b1,b11,b10,b1,b1,b10,b111,b0,b1110,0,b10,b0,b0,1,b10,b10000000
3200000,0,0,b0,1,0,1,b10,b1000,b0,b10000110111010101110011011101000110111101101101,b1110,b10000,b0,b1,b1,b1,0,0,1,0,0,b10101011,0,0,0,b10101011,b10,b100,b1000,b0,b10000110111010101110011011101000110111101101101,b1110,b10000,b0,b0,b1,b1,b11,b10,b1,b1,b10,b111,b0,b1110,0,b10,b0,b0,1,b10,b10000000
3210000,0,1,b0,1,0,1,b10,b1000,b0,b10000110111010101110011011101000110111101101101,b1110,b10000,b0,b1,b1,b1,1,0,1,0,0,b10101011,0,0,0,b10101011,b10,b100,b1000,b0,b10000110111010101110011011101000110111101101101,b1110,b10000,b0,b0,b1,b1,b11,b10,b1,b1,b10,b1000,b1,b1110,1,b100,b0,b0,1,b10,b0
3220000,0,1,b0,1,0,1,b10,b1000,b0,b10000110111010101110011011101000110111101101101,b1110,b10000,b0,b1,b1,b1,0,0,1,0,0,b10101011,0,0,0,b10101011,b10,b100,b1000,b0,b10000110111010101110011011101000110111101101101,b1110,b10000,b0,b0,b1,b1,b11,b10,b1,b1,b10,b1000,b1,b1110,1,b100,b0,b0,1,b10,b0
3230000,1,1,b0,1,1,0,b10,b1000,b0,b10000110111010101110011011101000110111101101101,b1110,b10000,b0,b1,b1,b1,1,0,1,0,0,b10101011,0,0,0,b10101011,b10,b100,b1000,b0,b10000110111010101110011011101000110111101101101,b1110,b10000,b0,b0,b1,b1,b11,b10,b1,b1,b10,b1000,b0,b1110,1,b0,b0,b0,0,b100,b0
