Time (ns),spi_slave_tb.dut.tx_ready,spi_slave_tb.dut.rx_valid,DATA,MISO,IRQ,BUSY,spi_slave_tb.dut.clk,spi_slave_tb.expected_rx,MOSI,spi_slave_tb.dut.rst_n,spi_slave_tb.rx_valid_seen,SCLK,SS_N,spi_slave_tb.dut.tx_data,spi_slave_tb.i,spi_slave_tb.timeout_cycles,spi_slave_tb.dut.debug_bit_count,spi_slave_tb.dut.debug_state,spi_slave_tb.dut.irq_clear,spi_slave_tb.dut.sample_edge,spi_slave_tb.dut.shift_edge,spi_slave_tb.dut.ss_released,spi_slave_tb.dut.ss_selected,spi_slave_tb.dut.bit_counter,spi_slave_tb.dut.busy_reg,spi_slave_tb.dut.default_data,spi_slave_tb.dut.irq_reg,spi_slave_tb.dut.miso_reg,spi_slave_tb.dut.next_state,spi_slave_tb.dut.rx_data_reg,spi_slave_tb.dut.sclk_prev,spi_slave_tb.dut.sclk_sync,spi_slave_tb.dut.shift_reg_rx,spi_slave_tb.dut.shift_reg_tx,spi_slave_tb.dut.ss_n_prev,spi_slave_tb.dut.ss_n_sync,spi_slave_tb.dut.state
0,1,0,0,0,0,0,0,0,0,0,0,0,1,0,bx,bx,b0,b0,0,0,0,1,0,b0,0,1,0,0,b0,0,0,0,0,0,1,1,b0
10000,1,0,0,0,0,0,1,0,0,0,0,0,1,0,bx,bx,b0,b0,0,0,0,1,0,b0,0,1,0,0,b0,0,0,0,0,0,1,1,b0
20000,1,0,0,0,0,0,0,0,0,0,0,0,1,0,bx,bx,b0,b0,0,0,0,1,0,b0,0,1,0,0,b0,0,0,0,0,0,1,1,b0
30000,1,0,0,0,0,0,1,0,0,0,0,0,1,0,bx,bx,b0,b0,0,0,0,1,0,b0,0,1,0,0,b0,0,0,0,0,0,1,1,b0
40000,1,0,0,0,0,0,0,0,0,0,0,0,1,0,bx,bx,b0,b0,0,0,0,1,0,b0,0,1,0,0,b0,0,0,0,0,0,1,1,b0
50000,1,0,0,0,0,0,1,0,0,0,0,0,1,0,bx,bx,b0,b0,0,0,0,1,0,b0,0,1,0,0,b0,0,0,0,0,0,1,1,b0
60000,1,0,0,0,0,0,0,0,0,0,0,0,1,0,bx,bx,b0,b0,0,0,0,1,0,b0,0,1,0,0,b0,0,0,0,0,0,1,1,b0
70000,1,0,0,0,0,0,1,0,0,0,0,0,1,0,bx,bx,b0,b0,0,0,0,1,0,b0,0,1,0,0,b0,0,0,0,0,0,1,1,b0
80000,1,0,0,0,0,0,0,0,0,0,0,0,1,0,bx,bx,b0,b0,0,0,0,1,0,b0,0,1,0,0,b0,0,0,0,0,0,1,1,b0
90000,1,0,0,0,0,0,1,0,0,0,0,0,1,0,bx,bx,b0,b0,0,0,0,1,0,b0,0,1,0,0,b0,0,0,0,0,0,1,1,b0
100000,1,0,0,0,0,0,0,0,0,1,0,0,1,0,bx,bx,b0,b0,0,0,0,1,0,b0,0,1,0,0,b0,0,0,0,0,0,1,1,b0
110000,1,0,0,0,0,0,1,0,0,1,0,0,1,0,bx,bx,b0,b0,0,0,0,1,0,b0,0,1,0,0,b0,0,0,0,0,0,1,1,b0
120000,1,0,0,0,0,0,0,0,0,1,0,0,1,0,bx,bx,b0,b0,0,0,0,1,0,b0,0,1,0,0,b0,0,0,0,0,0,1,1,b0
130000,1,0,0,0,0,0,1,0,0,1,0,0,1,0,bx,bx,b0,b0,0,0,0,1,0,b0,0,1,0,0,b0,0,0,0,0,0,1,1,b0
140000,1,0,0,0,0,0,0,0,0,1,0,0,1,0,bx,bx,b0,b0,0,0,0,1,0,b0,0,1,0,0,b0,0,0,0,0,0,1,1,b0
150000,1,0,0,0,0,0,1,0,0,1,0,0,1,0,bx,bx,b0,b0,0,0,0,1,0,b0,0,1,0,0,b0,0,0,0,0,0,1,1,b0
160000,1,0,0,0,0,0,0,0,0,1,0,0,1,0,bx,bx,b0,b0,0,0,0,1,0,b0,0,1,0,0,b0,0,0,0,0,0,1,1,b0
170000,1,0,0,0,0,0,1,0,0,1,0,0,1,0,bx,bx,b0,b0,0,0,0,1,0,b0,0,1,0,0,b0,0,0,0,0,0,1,1,b0
180000,1,0,0,0,0,0,0,0,0,1,0,0,1,0,bx,bx,b0,b0,0,0,0,1,0,b0,0,1,0,0,b0,0,0,0,0,0,1,1,b0
190000,1,0,0,0,0,0,1,0,0,1,0,0,1,0,bx,bx,b0,b0,0,0,0,1,0,b0,0,1,0,0,b0,0,0,0,0,0,1,1,b0
200000,1,0,0,0,0,0,0,0,0,1,0,0,1,0,bx,bx,b0,b0,0,0,0,1,0,b0,0,1,0,0,b0,0,0,0,0,0,1,1,b0
210000,1,0,0,0,0,0,1,0,0,1,0,0,1,0,bx,bx,b0,b0,0,0,0,1,0,b0,0,1,0,0,b0,0,0,0,0,0,1,1,b0
220000,1,0,0,0,0,0,0,0,0,1,0,0,1,0,bx,bx,b0,b0,0,0,0,1,0,b0,0,1,0,0,b0,0,0,0,0,0,1,1,b0
230000,1,0,0,0,0,0,1,0,0,1,0,0,1,0,bx,bx,b0,b0,0,0,0,1,0,b0,0,1,0,0,b0,0,0,0,0,0,1,1,b0
240000,1,0,0,0,0,0,0,0,0,1,0,0,1,0,bx,bx,b0,b0,0,0,0,1,0,b0,0,1,0,0,b0,0,0,0,0,0,1,1,b0
250000,1,0,0,0,0,0,1,0,0,1,0,0,1,0,bx,bx,b0,b0,0,0,0,1,0,b0,0,1,0,0,b0,0,0,0,0,0,1,1,b0
260000,1,0,0,0,0,0,0,0,0,1,0,0,1,0,bx,bx,b0,b0,0,0,0,1,0,b0,0,1,0,0,b0,0,0,0,0,0,1,1,b0
270000,1,0,0,0,0,0,1,0,0,1,0,0,1,0,bx,bx,b0,b0,0,0,0,1,0,b0,0,1,0,0,b0,0,0,0,0,0,1,1,b0
280000,1,0,0,0,0,0,0,0,0,1,0,0,1,0,bx,bx,b0,b0,0,0,0,1,0,b0,0,1,0,0,b0,0,0,0,0,0,1,1,b0
290000,1,0,0,0,0,0,1,0,0,1,0,0,1,0,bx,bx,b0,b0,0,0,0,1,0,b0,0,1,0,0,b0,0,0,0,0,0,1,1,b0
300000,1,0,0,0,0,0,0,1,1,1,0,0,1,0,bx,bx,b0,b0,0,0,0,1,0,b0,0,1,0,0,b0,0,0,0,0,0,1,1,b0
310000,1,0,0,0,0,0,1,1,1,1,0,0,1,0,bx,bx,b0,b0,0,0,0,1,0,b0,0,1,0,0,b0,0,0,0,0,0,1,1,b0
320000,1,0,0,0,0,0,0,1,1,1,0,0,1,0,bx,bx,b0,b0,0,0,0,1,0,b0,0,1,0,0,b0,0,0,0,0,0,1,1,b0
330000,1,0,0,0,0,0,1,1,1,1,0,0,1,0,bx,bx,b0,b0,0,0,0,1,0,b0,0,1,0,0,b0,0,0,0,0,0,1,1,b0
340000,1,0,0,0,0,0,0,1,1,1,0,0,1,0,bx,bx,b0,b0,0,0,0,1,0,b0,0,1,0,0,b0,0,0,0,0,0,1,1,b0
350000,1,0,0,0,0,0,1,1,1,1,0,0,1,0,bx,bx,b0,b0,0,0,0,1,0,b0,0,1,0,0,b0,0,0,0,0,0,1,1,b0
360000,1,0,0,0,0,0,0,1,1,1,0,0,1,0,bx,bx,b0,b0,0,0,0,1,0,b0,0,1,0,0,b0,0,0,0,0,0,1,1,b0
370000,1,0,0,0,0,0,1,1,1,1,0,0,1,0,bx,bx,b0,b0,0,0,0,1,0,b0,0,1,0,0,b0,0,0,0,0,0,1,1,b0
380000,1,0,0,0,0,0,0,1,1,1,0,0,1,0,bx,bx,b0,b0,0,0,0,1,0,b0,0,1,0,0,b0,0,0,0,0,0,1,1,b0
390000,1,0,0,0,0,0,1,1,1,1,0,0,1,0,bx,bx,b0,b0,0,0,0,1,0,b0,0,1,0,0,b0,0,0,0,0,0,1,1,b0
400000,1,0,0,0,0,0,0,1,1,1,0,0,0,0,bx,b0,b0,b0,0,0,0,0,1,b0,0,1,0,0,b1,0,0,0,0,0,1,1,b0
410000,0,0,0,0,0,1,1,1,1,1,0,0,0,0,bx,b0,b0,b1,0,0,0,0,1,b0,1,1,0,0,b1,0,0,0,0,0,1,0,b1
420000,0,0,0,0,0,1,0,1,1,1,0,0,0,0,bx,b1,b0,b1,0,0,0,0,1,b0,1,1,0,0,b1,0,0,0,0,0,1,0,b1
430000,0,0,0,0,0,1,1,1,1,1,0,0,0,0,bx,b1,b0,b1,0,0,0,0,1,b0,1,1,0,0,b1,0,0,0,0,0,0,0,b1
440000,0,0,0,0,0,1,0,1,1,1,0,0,0,0,bx,b1,b0,b1,0,0,0,0,1,b0,1,1,0,0,b1,0,0,0,0,0,0,0,b1
450000,0,0,0,0,0,1,1,1,1,1,0,0,0,0,bx,b1,b0,b1,0,0,0,0,1,b0,1,1,0,0,b1,0,0,0,0,0,0,0,b1
460000,0,0,0,0,0,1,0,1,1,1,0,0,0,0,bx,b1,b0,b1,0,0,0,0,1,b0,1,1,0,0,b1,0,0,0,0,0,0,0,b1
470000,0,0,0,0,0,1,1,1,1,1,0,0,0,0,bx,b1,b0,b1,0,0,0,0,1,b0,1,1,0,0,b1,0,0,0,0,0,0,0,b1
480000,0,0,0,0,0,1,0,1,1,1,0,0,0,0,bx,b1,b0,b1,0,0,0,0,1,b0,1,1,0,0,b1,0,0,0,0,0,0,0,b1
490000,0,0,0,0,0,1,1,1,1,1,0,0,0,0,bx,b1,b0,b1,0,0,0,0,1,b0,1,1,0,0,b1,0,0,0,0,0,0,0,b1
500000,0,0,0,0,0,1,0,1,1,1,0,0,0,0,bx,b1,b0,b1,0,0,0,0,1,b0,1,1,0,0,b1,0,0,0,0,0,0,0,b1
510000,0,0,0,0,0,1,1,1,1,1,0,0,0,0,bx,b1,b0,b1,0,0,0,0,1,b0,1,1,0,0,b1,0,0,0,0,0,0,0,b1
520000,0,0,0,0,0,1,0,1,1,1,0,0,0,0,b0,b1,b0,b1,0,0,0,0,1,b0,1,1,0,0,b1,0,0,0,0,0,0,0,b1
530000,0,0,0,0,0,1,1,1,1,1,0,0,0,0,b0,b1,b0,b1,0,0,0,0,1,b0,1,1,0,0,b1,0,0,0,0,0,0,0,b1
540000,0,0,0,0,0,1,0,1,1,1,0,0,0,0,b0,b1,b0,b1,0,0,0,0,1,b0,1,1,0,0,b1,0,0,0,0,0,0,0,b1
550000,0,0,0,0,0,1,1,1,1,1,0,0,0,0,b0,b1,b0,b1,0,0,0,0,1,b0,1,1,0,0,b1,0,0,0,0,0,0,0,b1
560000,0,0,0,0,0,1,0,1,1,1,0,0,0,0,b0,b1,b0,b1,0,0,0,0,1,b0,1,1,0,0,b1,0,0,0,0,0,0,0,b1
570000,0,0,0,0,0,1,1,1,1,1,0,0,0,0,b0,b1,b0,b1,0,0,0,0,1,b0,1,1,0,0,b1,0,0,0,0,0,0,0,b1
580000,0,0,0,0,0,1,0,1,1,1,0,0,0,0,b0,b1,b0,b1,0,0,0,0,1,b0,1,1,0,0,b1,0,0,0,0,0,0,0,b1
590000,0,0,0,0,0,1,1,1,1,1,0,0,0,0,b0,b1,b0,b1,0,0,0,0,1,b0,1,1,0,0,b1,0,0,0,0,0,0,0,b1
600000,0,0,0,0,0,1,0,1,1,1,0,0,0,0,b0,b1,b0,b1,0,0,0,0,1,b0,1,1,0,0,b1,0,0,0,0,0,0,0,b1
610000,0,0,0,0,0,1,1,1,1,1,0,0,0,0,b0,b1,b0,b1,0,0,0,0,1,b0,1,1,0,0,b1,0,0,0,0,0,0,0,b1
620000,0,0,0,0,0,1,0,1,1,1,0,1,0,0,b0,b1,b0,b1,0,0,0,0,1,b0,1,1,0,0,b1,0,0,0,0,0,0,0,b1
630000,0,0,0,0,0,1,1,1,1,1,0,1,0,0,b0,b1,b0,b1,0,1,0,0,1,b0,1,1,0,0,b1,0,0,1,0,0,0,0,b1
640000,0,0,0,0,0,1,0,1,1,1,0,1,0,0,b0,b1,b0,b1,0,1,0,0,1,b0,1,1,0,0,b1,0,0,1,0,0,0,0,b1
650000,0,0,0,0,0,1,1,1,1,1,0,1,0,0,b0,b1,b1,b1,0,0,0,0,1,b1,1,1,0,0,b11,0,1,1,1,0,0,0,b1
660000,0,0,0,0,0,1,0,1,1,1,0,1,0,0,b0,b1,b1,b1,0,0,0,0,1,b1,1,1,0,0,b11,0,1,1,1,0,0,0,b1
670000,0,1,0,0,0,1,1,1,1,1,0,1,0,0,b0,b1,b1,b11,0,0,0,0,1,b1,1,1,0,0,b11,0,1,1,1,0,0,0,b11
680000,0,1,0,0,0,1,0,1,1,1,0,1,0,0,b0,b1,b1,b11,0,0,0,0,1,b1,1,1,0,0,b11,0,1,1,1,0,0,0,b11
690000,0,1,1,0,1,1,1,1,1,1,1,1,0,0,b0,b1,b1,b11,0,0,0,0,1,b1,1,1,1,0,b11,1,1,1,1,0,0,0,b11
700000,0,1,1,0,1,1,0,1,1,1,1,1,0,0,b0,b1,b1,b11,0,0,0,0,1,b1,1,1,1,0,b11,1,1,1,1,0,0,0,b11
710000,0,1,1,0,1,1,1,1,1,1,1,1,0,0,b0,b1,b1,b11,0,0,0,0,1,b1,1,1,1,0,b11,1,1,1,1,0,0,0,b11
720000,0,1,1,0,1,1,0,1,1,1,1,0,0,0,b0,b1,b1,b11,0,0,0,0,1,b1,1,1,1,0,b11,1,1,1,1,0,0,0,b11
730000,0,1,1,0,1,1,1,1,1,1,1,0,0,0,b0,b1,b1,b11,0,0,1,0,1,b1,1,1,1,0,b11,1,1,0,1,0,0,0,b11
740000,0,1,1,0,1,1,0,1,1,1,1,0,0,0,b0,b1,b1,b11,0,0,1,0,1,b1,1,1,1,0,b11,1,1,0,1,0,0,0,b11
750000,0,1,1,0,1,1,1,1,1,1,1,0,0,0,b0,b1,b1,b11,0,0,0,0,1,b1,1,1,1,0,b11,1,0,0,1,0,0,0,b11
760000,0,1,1,0,1,1,0,1,1,1,1,0,0,0,b0,b1,b1,b11,0,0,0,0,1,b1,1,1,1,0,b11,1,0,0,1,0,0,0,b11
770000,0,1,1,0,1,1,1,1,1,1,1,0,0,0,b0,b1,b1,b11,0,0,0,0,1,b1,1,1,1,0,b11,1,0,0,1,0,0,0,b11
780000,0,1,1,0,1,1,0,1,1,1,1,0,0,0,b0,b1,b1,b11,0,0,0,0,1,b1,1,1,1,0,b11,1,0,0,1,0,0,0,b11
790000,0,1,1,0,1,1,1,1,1,1,1,0,0,0,b0,b1,b1,b11,0,0,0,0,1,b1,1,1,1,0,b11,1,0,0,1,0,0,0,b11
800000,0,1,1,0,1,1,0,1,1,1,1,0,0,0,b0,b1,b1,b11,0,0,0,0,1,b1,1,1,1,0,b11,1,0,0,1,0,0,0,b11
810000,0,1,1,0,1,1,1,1,1,1,1,0,0,0,b0,b1,b1,b11,0,0,0,0,1,b1,1,1,1,0,b11,1,0,0,1,0,0,0,b11
820000,0,1,1,0,1,1,0,1,1,1,1,0,0,0,b0,b1,b1,b11,0,0,0,0,1,b1,1,1,1,0,b11,1,0,0,1,0,0,0,b11
830000,0,1,1,0,1,1,1,1,1,1,1,0,0,0,b0,b1,b1,b11,0,0,0,0,1,b1,1,1,1,0,b11,1,0,0,1,0,0,0,b11
840000,0,1,1,0,1,1,0,1,1,1,1,0,0,0,b1,b1,b1,b11,0,0,0,0,1,b1,1,1,1,0,b11,1,0,0,1,0,0,0,b11
850000,0,1,1,0,1,1,1,1,1,1,1,0,0,0,b1,b1,b1,b11,0,0,0,0,1,b1,1,1,1,0,b11,1,0,0,1,0,0,0,b11
860000,0,1,1,0,1,1,0,1,1,1,1,0,0,0,b1,b1,b1,b11,0,0,0,0,1,b1,1,1,1,0,b11,1,0,0,1,0,0,0,b11
870000,0,1,1,0,1,1,1,1,1,1,1,0,0,0,b1,b1,b1,b11,0,0,0,0,1,b1,1,1,1,0,b11,1,0,0,1,0,0,0,b11
880000,0,1,1,0,1,1,0,1,1,1,1,0,0,0,b1,b1,b1,b11,0,0,0,0,1,b1,1,1,1,0,b11,1,0,0,1,0,0,0,b11
890000,0,1,1,0,1,1,1,1,1,1,1,0,0,0,b1,b1,b1,b11,0,0,0,0,1,b1,1,1,1,0,b11,1,0,0,1,0,0,0,b11
900000,0,1,1,0,1,1,0,1,1,1,1,0,0,0,b1,b1,b1,b11,0,0,0,0,1,b1,1,1,1,0,b11,1,0,0,1,0,0,0,b11
910000,0,1,1,0,1,1,1,1,1,1,1,0,0,0,b1,b1,b1,b11,0,0,0,0,1,b1,1,1,1,0,b11,1,0,0,1,0,0,0,b11
920000,0,1,1,0,1,1,0,1,1,1,1,0,0,0,b1,b1,b1,b11,0,0,0,0,1,b1,1,1,1,0,b11,1,0,0,1,0,0,0,b11
930000,0,1,1,0,1,1,1,1,1,1,1,0,0,0,b1,b1,b1,b11,0,0,0,0,1,b1,1,1,1,0,b11,1,0,0,1,0,0,0,b11
940000,0,1,1,0,1,1,0,1,1,1,1,0,1,0,b1,b0,b1,b11,0,0,0,1,0,b1,1,1,1,0,b0,1,0,0,1,0,0,0,b11
950000,1,1,1,0,1,1,1,1,1,1,1,0,1,0,b1,b0,b1,b0,0,0,0,1,0,b1,1,1,1,0,b0,1,0,0,1,0,0,1,b0
960000,1,1,1,0,1,1,0,1,1,1,1,0,1,0,b1,b1,b1,b0,0,0,0,1,0,b1,1,1,1,0,b0,1,0,0,1,0,0,1,b0
970000,1,0,1,0,1,0,1,1,1,1,1,0,1,0,b1,b1,b0,b0,0,0,0,1,0,b0,0,1,1,0,b0,1,0,0,1,0,1,1,b0
980000,1,0,1,0,1,0,0,1,1,1,1,0,1,0,b1,b0,b0,b0,0,0,0,1,0,b0,0,1,1,0,b0,1,0,0,1,0,1,1,b0
